ADM_CD,ADM_NM,SGG_CD,AtRiskHouse,log_AtRisk
11010530,사직동,11010,1645,7.406
11010540,삼청동,11010,3847,8.255
11010550,부암동,11010,545,6.303
11010560,평창동,11010,491,6.198
11010570,무악동,11010,0,0
11010580,교남동,11010,0,0
11010600,가회동,11010,2915,7.978
11010610,종로1·2·3·4가동,11010,5916,8.686
11010630,종로5·6가동,11010,3946,8.281
11010640,이화동,11010,4763,8.469
11010670,창신1동,11010,2449,7.804
11010680,창신2동,11010,1632,7.398
11010690,창신3동,11010,0,0
11010700,숭인1동,11010,1017,6.926
11010710,숭인2동,11010,4648,8.444
11010720,청운효자동,11010,1693,7.435
11010730,혜화동,11010,1875,7.537
11020520,소공동,11020,77,4.357
11020540,회현동,11020,375,5.93
11020550,명동,11020,850,6.746
11020570,필동,11020,2859,7.959
11020580,장충동,11020,0,0
11020590,광희동,11020,3210,8.074
11020600,을지로동,11020,3210,8.074
11020650,신당5동,11020,4272,8.36
11020670,황학동,11020,6913,8.841
11020680,중림동,11020,0,0
11020690,신당동,11020,4596,8.433
11020700,다산동,11020,3457,8.148
11020710,약수동,11020,1083,6.988
11020720,청구동,11020,3245,8.085
11020730,동화동,11020,4074,8.313
11030510,후암동,11030,2175,7.685
11030520,용산2가동,11030,2464,7.81
11030530,남영동,11030,4843,8.485
11030570,원효로2동,11030,2422,7.793
11030580,효창동,11030,918,6.823
11030590,용문동,11030,1772,7.48
11030630,이촌1동,11030,10971,9.303
11030640,이촌2동,11030,0,0
11030650,이태원1동,11030,1381,7.231
11030660,이태원2동,11030,1051,6.958
11030690,서빙고동,11030,12683,9.448
11030700,보광동,11030,581,6.366
11030710,청파동,11030,0,0
11030720,원효로1동,11030,3978,8.289
11030730,한강로동,11030,14786,9.602
11030740,한남동,11030,2331,7.754
11040520,왕십리2동,11040,1016,6.925
11040540,마장동,11040,2330,7.754
11040550,사근동,11040,1554,7.349
11040560,행당1동,11040,5010,8.519
11040570,행당2동,11040,142,4.963
11040580,응봉동,11040,626,6.441
11040590,금호1가동,11040,1891,7.545
11040620,금호4가동,11040,3659,8.205
11040650,성수1가1동,11040,1201,7.092
11040660,성수1가2동,11040,705,6.56
11040670,성수2가1동,11040,8486,9.046
11040680,성수2가3동,11040,10597,9.268
11040690,송정동,11040,7041,8.86
11040700,용답동,11040,14231,9.563
11040710,왕십리도선동,11040,7088,8.866
11040720,금호2·3가동,11040,4362,8.381
11040730,옥수동,11040,1889,7.544
11050530,화양동,11050,8269,9.02
11050540,군자동,11050,8172,9.009
11050550,중곡1동,11050,6174,8.728
11050560,중곡2동,11050,6270,8.744
11050570,중곡3동,11050,4599,8.434
11050580,중곡4동,11050,492,6.201
11050590,능동,11050,2862,7.96
11050600,구의1동,11050,7255,8.89
11050610,구의2동,11050,6620,8.798
11050620,구의3동,11050,12877,9.463
11050630,광장동,11050,5621,8.634
11050640,자양1동,11050,8374,9.033
11050650,자양2동,11050,5508,8.614
11050660,자양3동,11050,10583,9.267
11050670,자양4동,11050,10683,9.277
11060710,회기동,11060,314,5.753
11060720,휘경1동,11060,0,0
11060730,휘경2동,11060,12599,9.441
11060800,청량리동,11060,6823,8.828
11060810,용신동,11060,14727,9.598
11060820,제기동,11060,12732,9.452
11060830,전농1동,11060,10817,9.289
11060840,전농2동,11060,925,6.831
11060860,답십리2동,11060,16067,9.685
11060870,장안1동,11060,25165,10.133
11060880,장안2동,11060,24435,10.104
11060890,이문1동,11060,3253,8.088
11060900,이문2동,11060,6214,8.735
11060910,답십리1동,11060,9926,9.203
11070520,면목2동,11070,15027,9.618
11070540,면목4동,11070,5565,8.624
11070550,면목5동,11070,4198,8.343
11070570,면목7동,11070,0,0
11070590,상봉1동,11070,23893,10.081
11070600,상봉2동,11070,25629,10.152
11070610,중화1동,11070,5961,8.693
11070620,중화2동,11070,11988,9.392
11070640,묵1동,11070,8834,9.086
11070650,묵2동,11070,7321,8.899
11070680,망우3동,11070,10481,9.257
11070690,신내1동,11070,16721,9.724
11070700,신내2동,11070,13080,9.479
11070710,면목본동,11070,10223,9.232
11070720,면목3·8동,11070,0,0
11070730,망우본동,11070,19989,9.903
11080580,돈암1동,11080,0,0
11080590,돈암2동,11080,0,0
11080600,안암동,11080,3060,8.026
11080610,보문동,11080,254,5.541
11080620,정릉1동,11080,0,0
11080630,정릉2동,11080,1638,7.402
11080640,정릉3동,11080,2373,7.772
11080650,정릉4동,11080,0,0
11080660,길음1동,11080,989,6.898
11080680,길음2동,11080,7079,8.865
11080710,월곡1동,11080,5253,8.567
11080720,월곡2동,11080,12598,9.441
11080760,장위1동,11080,9825,9.193
11080770,장위2동,11080,7366,8.905
11080780,장위3동,11080,17655,9.779
11080810,성북동,11080,1721,7.451
11080820,삼선동,11080,1544,7.343
11080830,동선동,11080,793,6.677
11080840,종암동,11080,10321,9.242
11080850,석관동,11080,13942,9.543
11090600,번1동,11090,16087,9.686
11090610,번2동,11090,7695,8.948
11090620,번3동,11090,9825,9.193
11090630,수유1동,11090,8014,8.989
11090640,수유2동,11090,12934,9.468
11090650,수유3동,11090,17300,9.759
11090690,삼양동,11090,1235,7.12
11090700,미아동,11090,18531,9.827
11090710,송중동,11090,7987,8.986
11090720,송천동,11090,6056,8.709
11090730,삼각산동,11090,0,0
11090740,우이동,11090,11346,9.337
11090750,인수동,11090,24694,10.114
11100510,쌍문1동,11100,8386,9.034
11100520,쌍문2동,11100,27657,10.228
11100530,쌍문3동,11100,8628,9.063
11100540,쌍문4동,11100,12219,9.411
11100550,방학1동,11100,26900,10.2
11100560,방학2동,11100,18063,9.802
11100570,방학3동,11100,24952,10.125
11100590,창1동,11100,15033,9.618
11100600,창2동,11100,2080,7.641
11100610,창3동,11100,5853,8.675
11100620,창4동,11100,26075,10.169
11100630,창5동,11100,29027,10.276
11100640,도봉1동,11100,21599,9.98
11100650,도봉2동,11100,17879,9.791
11110510,월계1동,11110,20142,9.911
11110520,월계2동,11110,9730,9.183
11110530,월계3동,11110,12921,9.467
11110560,공릉2동,11110,5157,8.548
11110580,하계1동,11110,0,0
11110590,하계2동,11110,0,0
11110600,중계본동,11110,0,0
11110610,중계1동,11110,0,0
11110640,중계4동,11110,0,0
11110650,상계1동,11110,21065,9.955
11110660,상계2동,11110,16393,9.705
11110690,상계5동,11110,1046,6.954
11110720,상계8동,11110,24721,10.115
11110730,상계9동,11110,19982,9.903
11110740,상계10동,11110,30197,10.316
11110760,상계3·4동,11110,0,0
11110770,상계6·7동,11110,18972,9.851
11110780,중계2·3동,11110,0,0
11110790,공릉1동,11110,6417,8.767
11120510,녹번동,11120,28964,10.274
11120520,불광1동,11120,15982,9.679
11120550,갈현1동,11120,23146,10.05
11120560,갈현2동,11120,30477,10.325
11120570,구산동,11120,27933,10.238
11120580,대조동,11120,39940,10.595
11120590,응암1동,11120,22008,9.999
11120600,응암2동,11120,3093,8.037
11120650,신사1동,11120,15263,9.633
11120660,신사2동,11120,761,6.636
11120670,증산동,11120,6818,8.827
11120680,수색동,11120,2136,7.667
11120710,진관동,11120,0,0
11120720,불광2동,11120,8387,9.035
11120730,응암3동,11120,3390,8.129
11120740,역촌동,11120,40511,10.609
11130520,천연동,11130,0,0
11130620,홍제1동,11130,3696,8.215
11130640,홍제3동,11130,2295,7.739
11130650,홍제2동,11130,2809,7.941
11130660,홍은1동,11130,0,0
11130680,홍은2동,11130,0,0
11130690,남가좌1동,11130,0,0
11130700,남가좌2동,11130,0,0
11130710,북가좌1동,11130,5734,8.654
11130720,북가좌2동,11130,11431,9.344
11130730,충현동,11130,1382,7.232
11130740,북아현동,11130,3564,8.179
11130750,신촌동,11130,3081,8.033
11130760,연희동,11130,6120,8.719
11140590,용강동,11140,7945,8.98
11140600,대흥동,11140,9691,9.179
11140610,염리동,11140,6756,8.818
11140630,신수동,11140,4596,8.433
11140660,서교동,11140,16330,9.701
11140680,합정동,11140,2923,7.981
11140690,망원1동,11140,0,0
11140700,망원2동,11140,2888,7.969
11140710,연남동,11140,12341,9.421
11140720,성산1동,11140,12006,9.393
11140730,성산2동,11140,70,4.263
11140740,상암동,11140,1435,7.27
11140750,도화동,11140,4412,8.392
11140760,서강동,11140,5153,8.548
11140770,공덕동,11140,7315,8.898
11140780,아현동,11140,8667,9.067
11150510,목1동,11150,0,0
11150520,목2동,11150,4668,8.449
11150530,목3동,11150,5707,8.65
11150540,목4동,11150,0,0
11150570,신월1동,11150,6322,8.752
11150580,신월2동,11150,3068,8.029
11150590,신월3동,11150,0,0
11150600,신월4동,11150,3556,8.177
11150610,신월5동,11150,6570,8.79
11150620,신월6동,11150,434,6.075
11150630,신월7동,11150,794,6.678
11150640,신정1동,11150,1315,7.182
11150650,신정2동,11150,0,0
11150660,신정3동,11150,14885,9.608
11150690,신정6동,11150,1317,7.184
11150700,신정7동,11150,940,6.847
11150710,목5동,11150,48,3.892
11150720,신정4동,11150,3133,8.05
11160510,염창동,11160,8819,9.085
11160520,등촌1동,11160,3377,8.125
11160530,등촌2동,11160,4996,8.517
11160540,등촌3동,11160,11655,9.364
11160550,화곡본동,11160,4730,8.462
11160570,화곡2동,11160,1619,7.39
11160580,화곡3동,11160,6464,8.774
11160590,화곡4동,11160,1299,7.17
11160610,화곡6동,11160,8379,9.034
11160630,화곡8동,11160,2104,7.652
11160650,가양2동,11160,15806,9.668
11160660,가양3동,11160,5436,8.601
11160670,발산1동,11160,10103,9.221
11160690,공항동,11160,8456,9.043
11160700,방화1동,11160,18014,9.799
11160710,방화2동,11160,11197,9.323
11160730,화곡1동,11160,9103,9.116
11160740,우장산동,11160,9499,9.159
11160751,가양1동,11160,12400,9.426
11160761,방화3동,11160,10868,9.294
11170510,신도림동,11170,5245,8.565
11170520,구로1동,11170,4930,8.503
11170540,구로3동,11170,11141,9.318
11170550,구로4동,11170,19482,9.877
11170560,구로5동,11170,15164,9.627
11170610,고척1동,11170,5174,8.552
11170620,고척2동,11170,10236,9.234
11170640,개봉2동,11170,22636,10.027
11170650,개봉3동,11170,7794,8.961
11170670,오류1동,11170,13732,9.528
11170690,수궁동,11170,7035,8.859
11170700,가리봉동,11170,4482,8.408
11170710,구로2동,11170,15093,9.622
11170720,개봉1동,11170,16437,9.707
11170730,오류2동,11170,10974,9.303
11170740,항동,11170,1105,7.009
11180510,가산동,11180,6597,8.795
11180520,독산1동,11180,10447,9.254
11180530,독산2동,11180,916,6.821
11180540,독산3동,11180,5324,8.58
11180550,독산4동,11180,1677,7.425
11180570,시흥1동,11180,6156,8.725
11180580,시흥2동,11180,0,0
11180590,시흥3동,11180,497,6.211
11180600,시흥4동,11180,0,0
11180610,시흥5동,11180,0,0
11190540,여의동,11190,8092,8.999
11190550,당산1동,11190,9059,9.112
11190560,당산2동,11190,10871,9.294
11190610,양평1동,11190,9582,9.168
11190620,양평2동,11190,4926,8.502
11190630,신길1동,11190,3952,8.282
11190650,신길3동,11190,2567,7.851
11190660,신길4동,11190,4755,8.467
11190670,신길5동,11190,5008,8.519
11190680,신길6동,11190,8619,9.062
11190690,신길7동,11190,10046,9.215
11190700,대림1동,11190,7361,8.904
11190710,대림2동,11190,6025,8.704
11190720,대림3동,11190,13027,9.475
11190730,영등포본동,11190,10421,9.252
11190740,영등포동,11190,19396,9.873
11190750,도림동,11190,2650,7.883
11190760,문래동,11190,8976,9.102
11200520,노량진2동,11200,1343,7.203
11200530,상도1동,11200,5291,8.574
11200540,상도2동,11200,6492,8.778
11200550,상도3동,11200,4981,8.514
11200560,상도4동,11200,6601,8.795
11200630,사당1동,11200,16509,9.712
11200650,사당3동,11200,6339,8.755
11200660,사당4동,11200,0,0
11200670,사당5동,11200,0,0
11200680,대방동,11200,10471,9.256
11200690,신대방1동,11200,5176,8.552
11200700,신대방2동,11200,15410,9.643
11200710,흑석동,11200,1678,7.426
11200720,노량진1동,11200,1878,7.538
11200730,사당2동,11200,16785,9.728
11210520,보라매동,11210,10573,9.266
11210540,청림동,11210,0,0
11210570,행운동,11210,8746,9.076
11210580,낙성대동,11210,9513,9.161
11210610,중앙동,11210,14075,9.552
11210620,인헌동,11210,1440,7.273
11210630,남현동,11210,8699,9.071
11210640,서원동,11210,9602,9.17
11210650,신원동,11210,1100,7.004
11210660,서림동,11210,477,6.17
11210680,신사동,11210,11049,9.31
11210690,신림동,11210,15192,9.629
11210710,난향동,11210,0,0
11210720,조원동,11210,9241,9.132
11210730,대학동,11210,307,5.73
11210780,은천동,11210,17015,9.742
11210790,성현동,11210,4623,8.439
11210800,청룡동,11210,13933,9.542
11210810,난곡동,11210,4307,8.368
11210820,삼성동,11210,307,5.73
11210830,미성동,11210,9415,9.15
11220510,서초1동,11220,1885,7.542
11220520,서초2동,11220,9951,9.206
11220530,서초3동,11220,63,4.159
11220540,서초4동,11220,6207,8.734
11220550,잠원동,11220,11294,9.332
11220560,반포본동,11220,5848,8.674
11220570,반포1동,11220,15070,9.621
11220580,반포2동,11220,11907,9.385
11220590,반포3동,11220,13941,9.543
11220600,반포4동,11220,11900,9.384
11220610,방배본동,11220,14338,9.571
11220620,방배1동,11220,8361,9.031
11220630,방배2동,11220,15709,9.662
11220640,방배3동,11220,7923,8.978
11220650,방배4동,11220,23926,10.083
11220660,양재1동,11220,10363,9.246
11220670,양재2동,11220,5504,8.613
11220680,내곡동,11220,1010,6.919
11230510,신사동,11230,1498,7.313
11230511,개포3동,11230,8410,9.037
11230520,논현1동,11230,203,5.318
11230530,논현2동,11230,4768,8.47
11230580,삼성1동,11230,2756,7.922
11230590,삼성2동,11230,7186,8.88
11230600,대치1동,11230,8808,9.084
11230630,대치4동,11230,4421,8.394
11230640,역삼1동,11230,7041,8.86
11230650,역삼2동,11230,5325,8.58
11230660,도곡1동,11230,9955,9.206
11230670,도곡2동,11230,9468,9.156
11230680,개포1동,11230,7736,8.954
11230710,개포4동,11230,10614,9.27
11230720,일원본동,11230,3934,8.278
11230730,일원1동,11230,5018,8.521
11230750,수서동,11230,10689,9.277
11230760,세곡동,11230,2468,7.812
11230770,압구정동,11230,4762,8.469
11230780,청담동,11230,8846,9.088
11230790,대치2동,11230,6384,8.762
11230800,개포2동,11230,8535,9.052
11240510,풍납1동,11240,2177,7.686
11240520,풍납2동,11240,2010,7.606
11240530,거여1동,11240,0,0
11240540,거여2동,11240,0,0
11240550,마천1동,11240,0,0
11240560,마천2동,11240,0,0
11240570,방이1동,11240,2171,7.683
11240580,방이2동,11240,6329,8.753
11240590,오륜동,11240,2903,7.974
11240600,오금동,11240,8190,9.011
11240610,송파1동,11240,9306,9.139
11240620,송파2동,11240,6156,8.725
11240630,석촌동,11240,25541,10.148
11240640,삼전동,11240,28892,10.271
11240650,가락본동,11240,9459,9.155
11240660,가락1동,11240,9806,9.191
11240670,가락2동,11240,3446,8.145
11240680,문정1동,11240,9334,9.142
11240690,문정2동,11240,13191,9.487
11240710,잠실본동,11240,22216,10.009
11240750,잠실4동,11240,1459,7.286
11240770,잠실6동,11240,10886,9.295
11240780,잠실7동,11240,0,0
11240790,잠실2동,11240,17164,9.751
11240800,잠실3동,11240,27063,10.206
11240810,장지동,11240,3368,8.122
11240820,위례동,11240,0,0
11250530,명일1동,11250,23130,10.049
11250540,명일2동,11250,10716,9.28
11250550,고덕1동,11250,9396,9.148
11250560,고덕2동,11250,8405,9.037
11250580,암사2동,11250,4176,8.337
11250590,암사3동,11250,2737,7.915
11250610,천호1동,11250,19069,9.856
11250630,천호3동,11250,15864,9.672
11250650,성내1동,11250,7682,8.947
11250660,성내2동,11250,8798,9.082
11250670,성내3동,11250,12463,9.431
11250700,둔촌1동,11250,8624,9.062
11250710,둔촌2동,11250,7822,8.965
11250720,암사1동,11250,9916,9.202
11250730,천호2동,11250,6932,8.844
11250740,길동,11250,19540,9.88
11250750,강일동,11250,4033,8.303
11250760,상일1동,11250,13495,9.51
11250770,상일2동,11250,6254,8.741
