FULL_NM,ADM_CD,KOSIS_CD,IM,OM,GM,POP,GM_Rate,TOT_HOUSE,SINGLE_HH,SINGLE_HH_R,Frgn_HH_R,NonHous_R,Youth_R,Elderly_R,
서울특별시 종로구 사직동,1111053000,11010530,1280,1290,2570,8918.5,28.82,3999,1754,43.86,3.10,14.79,19.75,21.71,
서울특별시 종로구 삼청동,1111054000,11010540,212,230,442,2164,20.43,928,355,38.25,3.19,5.07,17.18,28.01,
서울특별시 종로구 부암동,1111055000,11010550,978,989,1967,8977,21.91,3741,1242,33.20,3.05,31.79,20.86,21.56,
서울특별시 종로구 평창동,1111056000,11010560,1639,1727,3366,17151.5,19.63,6218,1454,23.38,1.81,19.12,16.70,23.51,
서울특별시 종로구 무악동,1111057000,11010570,711,803,1514,7756.5,19.52,2836,591,20.84,0.52,1.61,14.03,20.04,
서울특별시 종로구 교남동,1111058000,11010580,1159,1334,2493,9482.5,26.29,4004,1341,33.49,1.56,27.06,17.91,18.25,
서울특별시 종로구 가회동,1111060000,11010600,456,518,974,3698.5,26.34,1639,641,39.11,2.53,44.91,16.29,22.08,
서울특별시 종로구 종로1·2·3·4가동,1111061500,11010610,1659,1630,3289,6628,49.62,3958,2831,71.53,8.02,2.91,27.21,23.08,
서울특별시 종로구 종로5·6가동,1111063000,11010630,823,881,1704,5352,31.84,3045,1979,64.99,4.87,10.39,36.58,17.20,
서울특별시 종로구 이화동,1111064000,11010640,1386,1250,2636,7023,37.53,3793,2216,58.42,6.71,54.12,40.85,16.64,
서울특별시 종로구 창신1동,1111067000,11010670,608,611,1219,4455.5,27.36,2235,1130,50.56,15.97,10.32,26.79,23.06,
서울특별시 종로구 창신2동,1111068000,11010680,560,695,1255,7251,17.31,3394,1415,41.69,15.31,45.38,25.89,22.16,
서울특별시 종로구 창신3동,1111069000,11010690,594,710,1304,6177.5,21.11,2549,741,29.07,2.70,3.16,22.26,21.35,
서울특별시 종로구 숭인1동,1111070000,11010700,729,757,1486,5727,25.95,2713,1182,43.57,6.09,15.43,22.33,21.95,
서울특별시 종로구 숭인2동,1111071000,11010710,2141,1842,3983,10163,39.19,6214,4183,67.32,6.32,30.64,41.08,16.42,
서울특별시 종로구 청운효자동,1111051500,11010720,1017,1314,2331,10958,21.27,4537,1522,33.55,1.12,42.33,19.19,20.17,
서울특별시 종로구 혜화동,1111065000,11010730,2743,2767,5510,15744.5,35.00,8840,5202,58.85,15.13,42.88,44.11,12.94,
서울특별시 중구 소공동,1114052000,11020520,482,501,983,2176,45.17,1109,621,56.00,15.62,0.00,19.36,10.39,
서울특별시 중구 회현동,1114054000,11020540,620,672,1292,4194.5,30.80,2008,1009,50.25,8.41,4.30,17.32,28.68,
서울특별시 중구 명동,1114055000,11020550,430,470,900,2486,36.20,963,531,55.14,12.70,9.87,19.84,27.40,
서울특별시 중구 필동,1114057000,11020570,1125,774,1899,4318,43.98,2417,1501,62.10,15.90,21.66,40.39,15.41,
서울특별시 중구 장충동,1114058000,11020580,877,863,1740,4532,38.39,2983,1880,63.02,13.69,62.97,44.44,14.67,
서울특별시 중구 광희동,1114059000,11020590,1113,1158,2271,5712.5,39.75,3584,2467,68.83,24.47,6.35,39.05,16.56,
서울특별시 중구 을지로동,1114060500,11020600,695,647,1342,3046,44.06,2020,1318,65.25,6.98,1.66,34.50,12.63,
서울특별시 중구 신당5동,1114065000,11020650,1266,1323,2589,10008.5,25.87,5026,2361,46.98,4.81,9.51,25.83,19.12,
서울특별시 중구 황학동,1114067000,11020670,2561,2175,4736,13119,36.10,7298,4099,56.17,8.40,10.05,31.87,16.03,
서울특별시 중구 중림동,1114068000,11020680,1734,1821,3555,11944.5,29.76,5378,2159,40.15,2.85,12.23,19.79,17.96,
서울특별시 중구 신당동,1114061500,11020690,1293,1273,2566,7400,34.68,4245,2540,59.84,17.39,16.86,31.96,18.34,
서울특별시 중구 다산동,1114062500,11020700,1605,1818,3423,13027.5,26.28,6181,2717,43.96,4.47,52.67,25.70,22.54,
서울특별시 중구 약수동,1114063500,11020710,1885,1999,3884,15816,24.56,7228,2727,37.73,1.21,9.99,17.68,26.80,
서울특별시 중구 청구동,1114064500,11020720,1350,1897,3247,11508.5,28.21,5653,2111,37.34,1.99,8.77,21.76,23.24,
서울특별시 중구 동화동,1114066500,11020730,1038,1123,2161,9776,22.11,3756,927,24.68,2.76,5.41,18.09,22.21,
서울특별시 용산구 후암동,1117051000,11030510,1851,2012,3863,15713,24.58,7332,3264,44.52,3.49,49.34,23.69,19.56,
서울특별시 용산구 용산2가동,1117052000,11030520,1082,1248,2330,8575.5,27.17,4342,2090,48.13,10.86,49.37,28.59,21.21,
서울특별시 용산구 남영동,1117053000,11030530,1312,1296,2608,6860,38.02,3830,2576,67.26,5.95,27.60,22.86,21.95,
서울특별시 용산구 원효로2동,1117057000,11030570,1685,1806,3491,13463,25.93,5928,2305,38.88,1.29,15.87,23.15,19.11,
서울특별시 용산구 효창동,1117058000,11030580,1480,1698,3178,10444,30.43,4392,1452,33.06,1.03,38.49,24.63,15.98,
서울특별시 용산구 용문동,1117059000,11030590,1329,1572,2901,11103.5,26.13,4977,1871,37.59,1.16,33.18,23.33,21.11,
서울특별시 용산구 이촌1동,1117063000,11030630,2620,2560,5180,24948.5,20.76,8400,1313,15.63,3.05,0.12,13.72,19.05,
서울특별시 용산구 이촌2동,1117064000,11030640,958,1112,2070,7729,26.78,3240,1012,31.23,1.02,11.45,17.72,24.50,
서울특별시 용산구 이태원1동,1117065000,11030650,1013,1006,2019,5957,33.89,3108,1567,50.42,21.11,16.97,28.82,19.07,
서울특별시 용산구 이태원2동,1117066000,11030660,1315,1301,2616,8425.5,31.05,4227,2038,48.21,12.51,31.03,26.66,19.05,
서울특별시 용산구 서빙고동,1117069000,11030690,2046,1996,4042,12246.5,33.01,4673,1284,27.48,3.23,18.28,16.52,18.91,
서울특별시 용산구 보광동,1117070000,11030700,774,4663,5437,6935,78.40,3759,1925,51.21,7.84,24.86,23.97,20.80,
서울특별시 용산구 청파동,1117055500,11030710,2964,3153,6117,18604,32.88,10299,6055,58.79,3.31,56.53,35.59,16.94,
서울특별시 용산구 원효로1동,1117056000,11030720,2911,2983,5894,17023,34.62,8556,4356,50.91,2.57,22.11,31.21,12.34,
서울특별시 용산구 한강로동,1117062500,11030730,3337,3516,6853,20894,32.80,9986,4528,45.34,5.65,6.37,27.02,15.68,
서울특별시 용산구 한남동,1117068500,11030740,1740,5399,7139,13889,51.40,6442,2809,43.60,8.64,21.51,19.71,18.36,
서울특별시 성동구 왕십리2동,1120052000,11040520,1923,2054,3977,15852,25.09,7059,2686,38.05,3.16,3.30,23.86,17.78,
서울특별시 성동구 마장동,1120054000,11040540,2615,2818,5433,21378,25.41,9950,4328,43.50,3.88,12.43,28.17,19.54,
서울특별시 성동구 사근동,1120055000,11040550,2878,2879,5757,11878,48.47,7709,5502,71.37,11.21,30.85,56.45,9.77,
서울특별시 성동구 행당1동,1120056000,11040560,2008,1956,3964,14576.5,27.19,6000,2321,38.68,3.31,13.63,25.68,17.08,
서울특별시 성동구 행당2동,1120057000,11040570,2226,2517,4743,22499,21.08,8712,2050,23.53,0.47,2.29,18.25,19.21,
서울특별시 성동구 응봉동,1120058000,11040580,1404,1642,3046,14561.5,20.92,5491,1180,21.49,0.31,23.56,17.33,18.37,
서울특별시 성동구 금호1가동,1120059000,11040590,1625,1802,3427,14422.5,23.76,5986,1748,29.20,0.48,14.30,16.92,20.35,
서울특별시 성동구 금호4가동,1120062000,11040620,1759,1876,3635,13958,26.04,5872,1833,31.22,1.72,4.86,16.72,19.66,
서울특별시 성동구 성수1가1동,1120065000,11040650,1970,2175,4145,15048.5,27.54,6920,2711,39.18,2.76,11.37,24.52,17.02,
서울특별시 성동구 성수1가2동,1120066000,11040660,1488,1746,3234,12803,25.26,5574,2404,43.13,3.51,10.54,25.65,17.79,
서울특별시 성동구 성수2가1동,1120067000,11040670,1640,2075,3715,13909.5,26.71,6884,3140,45.61,5.22,13.97,21.93,21.73,
서울특별시 성동구 성수2가3동,1120069000,11040680,1448,1830,3278,9583,34.21,4514,2033,45.04,3.71,20.01,27.84,19.86,
서울특별시 성동구 송정동,1120072000,11040690,1081,1285,2366,9282,25.49,4892,2494,50.98,6.02,23.47,25.77,20.06,
서울특별시 성동구 용답동,1120079000,11040700,1952,1878,3830,12544.5,30.53,6920,4336,62.66,9.41,13.06,35.81,19.01,
서울특별시 성동구 왕십리도선동,1120053500,11040710,3421,3652,7073,25782,27.43,11405,4397,38.55,2.72,5.52,23.71,16.94,
서울특별시 성동구 금호2·3가동,1120061500,11040720,2286,3128,5414,20799.5,26.03,8984,2737,30.47,1.18,17.95,19.20,19.49,
서울특별시 성동구 옥수동,1120064500,11040730,3133,3376,6509,25200,25.83,10022,2542,25.36,1.20,1.37,16.65,18.38,
서울특별시 광진구 화양동,1121571000,11050530,5531,5820,11351,22810.5,49.76,17461,13728,78.62,9.32,43.71,62.16,8.32,
서울특별시 광진구 군자동,1121573000,11050540,2822,3135,5957,18568,32.08,11012,6720,61.02,9.47,43.42,40.01,15.12,
서울특별시 광진구 중곡1동,1121574000,11050550,2063,2177,4240,14974,28.32,8025,4229,52.70,3.84,59.76,31.00,18.25,
서울특별시 광진구 중곡2동,1121575000,11050560,2451,2780,5231,19951,26.22,9715,4445,45.75,2.42,65.48,26.82,18.86,
서울특별시 광진구 중곡3동,1121576000,11050570,1881,2207,4088,15265.5,26.78,7655,3610,47.16,2.29,53.18,25.35,21.02,
서울특별시 광진구 중곡4동,1121577000,11050580,2710,2956,5666,26998,20.99,12011,4377,36.44,1.44,64.43,22.28,21.81,
서울특별시 광진구 능동,1121578000,11050590,1773,1942,3715,10862.5,34.20,6142,3594,58.52,3.00,64.01,34.29,15.85,
서울특별시 광진구 구의1동,1121585000,11050600,3660,3832,7492,22915,32.69,12300,6717,54.61,4.25,68.39,32.53,15.58,
서울특별시 광진구 구의2동,1121586000,11050610,2722,2992,5714,25039.5,22.82,10552,3517,33.33,2.11,57.50,20.28,19.68,
서울특별시 광진구 구의3동,1121587000,11050620,3301,3507,6808,27598.5,24.67,11240,3619,32.20,1.86,25.26,22.44,17.62,
서울특별시 광진구 광장동,1121581000,11050630,3589,3734,7323,33334,21.97,11151,1707,15.31,0.71,5.20,15.79,13.12,
서울특별시 광진구 자양1동,1121582000,11050640,3137,3195,6332,21630,29.27,11089,5646,50.92,6.26,57.76,28.56,18.07,
서울특별시 광진구 자양2동,1121583000,11050650,2584,2795,5379,24878.5,21.62,10105,3638,36.00,2.67,43.52,21.78,20.28,
서울특별시 광진구 자양3동,1121584000,11050660,2826,3042,5868,26835,21.87,10238,2512,24.54,1.78,9.11,19.45,18.48,
서울특별시 광진구 자양4동,1121584700,11050670,2514,2708,5222,19718,26.48,9913,4874,49.17,24.86,24.69,26.83,19.86,
서울특별시 동대문구 회기동,1123071000,11060710,2063,2210,4273,11721,36.46,6548,4475,68.34,15.94,20.93,54.58,9.98,
서울특별시 동대문구 휘경1동,1123072000,11060720,2406,2675,5081,20333.5,24.99,7184,4005,55.75,14.54,15.65,42.59,13.58,
서울특별시 동대문구 휘경2동,1123073000,11060730,3311,3382,6693,20419,32.78,11955,6044,50.56,3.92,17.51,33.96,17.75,
서울특별시 동대문구 청량리동,1123070500,11060800,2040,2156,4196,14081,29.80,8872,4095,46.16,4.08,13.74,19.78,30.74,
서울특별시 동대문구 용신동,1123053600,11060810,6081,5813,11894,22696.5,52.40,19807,10426,52.64,5.37,17.92,29.40,17.48,
서울특별시 동대문구 제기동,1123054500,11060820,3452,3409,6861,27550.5,24.90,11586,6030,52.05,10.02,27.20,31.04,22.97,
서울특별시 동대문구 전농1동,1123056000,11060830,4891,4118,9009,24970,36.08,15654,6901,44.08,2.21,21.71,25.30,18.47,
서울특별시 동대문구 전농2동,1123057000,11060840,1623,1861,3484,22574,15.43,7040,1960,27.84,0.71,6.48,20.40,21.64,
서울특별시 동대문구 답십리2동,1123061000,11060860,2594,2982,5576,32187.5,17.32,11653,3940,33.81,1.51,4.69,19.49,22.71,
서울특별시 동대문구 장안1동,1123065000,11060870,4073,4308,8381,34983,23.96,16682,6579,39.44,1.94,24.87,21.69,19.91,
서울특별시 동대문구 장안2동,1123066000,11060880,3723,3521,7244,25611.5,28.28,13383,4220,31.53,1.38,21.80,18.52,18.95,
서울특별시 동대문구 이문1동,1123074000,11060890,2951,4131,7082,21720.5,32.61,10154,6347,62.51,13.43,16.92,45.49,14.50,
서울특별시 동대문구 이문2동,1123075000,11060900,1696,2029,3725,198516,1.88,8117,2785,34.31,3.15,6.29,21.79,22.22,
서울특별시 동대문구 답십리1동,1123060000,11060910,3630,3706,7336,27142,27.03,12132,4548,37.49,1.82,5.12,22.57,16.75,
서울특별시 중랑구 면목2동,1126052000,11070520,2466,2740,5206,20425.5,25.49,11023,4674,42.40,1.89,32.75,20.18,22.67,
서울특별시 중랑구 면목4동,1126054000,11070540,1846,2059,3905,15853,24.63,8014,3113,38.84,2.13,23.82,19.14,23.37,
서울특별시 중랑구 면목5동,1126055000,11070550,1518,1906,3424,23177,14.77,5983,1809,30.24,0.99,29.49,17.85,18.65,
서울특별시 중랑구 면목7동,1126057000,11070570,2554,2780,5334,22188,24.04,9689,3890,40.15,1.93,23.44,21.10,23.32,
서울특별시 중랑구 상봉1동,1126058000,11070590,2314,2618,4932,21820,22.60,9435,2858,30.29,0.75,20.65,19.77,19.91,
서울특별시 중랑구 상봉2동,1126059000,11070600,4319,3778,8097,19756,40.99,11976,7082,59.13,2.12,47.04,35.77,16.44,
서울특별시 중랑구 중화1동,1126060000,11070610,1831,2214,4045,20671,19.57,8128,2859,35.17,0.94,37.55,20.98,22.80,
서울특별시 중랑구 중화2동,1126061000,11070620,2752,3052,5804,29408,19.74,12054,6007,49.83,2.84,42.58,23.17,23.45,
서울특별시 중랑구 묵1동,1126062000,11070640,3340,3665,7005,25441,27.53,13917,4612,33.14,0.62,27.80,20.88,20.14,
서울특별시 중랑구 묵2동,1126063000,11070650,2106,2189,4295,27931,15.38,8439,3511,41.60,1.68,44.74,21.55,22.92,
서울특별시 중랑구 망우3동,1126066000,11070680,1596,1755,3351,26143.5,12.82,7330,3201,43.67,2.32,55.99,19.55,24.68,
서울특별시 중랑구 신내1동,1126068000,11070690,3118,3701,6819,27963.5,24.39,13881,3121,22.48,0.29,5.76,17.20,21.74,
서울특별시 중랑구 신내2동,1126069000,11070700,1880,2195,4075,219866,1.85,8463,2823,33.36,0.38,0.00,17.69,24.80,
서울특별시 중랑구 면목본동,1126056500,11070710,3885,4269,8154,26274.5,31.03,16238,7672,47.25,3.02,56.58,24.50,21.06,
서울특별시 중랑구 면목3·8동,1126057500,11070720,2622,3062,5684,23134,24.57,11593,5123,44.19,2.01,32.24,22.06,23.50,
서울특별시 중랑구 망우본동,1126065500,11070730,5653,3940,9593,26643,36.01,17163,6794,39.59,1.51,21.79,20.89,20.47,
서울특별시 성북구 돈암1동,1129058000,11080580,1275,1488,2763,18452.5,14.97,5750,1673,29.10,0.60,3.18,19.65,23.35,
서울특별시 성북구 돈암2동,1129059000,11080590,2112,2245,4357,19046,22.88,8121,1433,17.65,0.37,4.60,16.31,17.50,
서울특별시 성북구 안암동,1129060000,11080600,3790,3419,7209,15744,45.79,9902,7008,70.77,7.23,31.87,51.91,10.76,
서울특별시 성북구 보문동,1129061000,11080610,2200,2342,4542,16642.5,27.29,7475,3221,43.09,2.94,21.07,26.38,17.87,
서울특별시 성북구 정릉1동,1129062000,11080620,1924,2065,3989,19831,20.11,7087,2120,29.91,1.15,10.72,19.80,19.50,
서울특별시 성북구 정릉2동,1129063000,11080630,2115,2466,4581,17849.5,25.66,9121,2755,30.21,1.16,41.42,20.87,22.49,
서울특별시 성북구 정릉3동,1129064000,11080640,2289,3009,5298,18813.5,28.16,7404,3979,53.74,8.40,34.71,38.76,19.52,
서울특별시 성북구 정릉4동,1129065000,11080650,2379,2461,4840,29529,16.39,10105,3273,32.39,1.39,25.61,21.02,21.92,
서울특별시 성북구 길음1동,1129066000,11080660,4127,3322,7449,28426.5,26.20,12177,2119,17.40,0.39,1.97,14.08,14.68,
서울특별시 성북구 길음2동,1129068500,11080680,2738,3099,5837,29166,20.01,8064,1973,24.47,0.88,1.93,17.12,15.81,
서울특별시 성북구 월곡1동,1129071500,11080710,2111,2488,4599,21638.5,21.25,9941,2712,27.28,0.95,10.67,16.81,21.36,
서울특별시 성북구 월곡2동,1129072500,11080720,2361,2535,4896,20660.5,23.70,9055,4258,47.02,2.93,14.37,28.52,20.59,
서울특별시 성북구 장위1동,1129076000,11080760,2158,2460,4618,17769,25.99,9724,3262,33.55,0.93,65.37,20.26,19.56,
서울특별시 성북구 장위2동,1129077000,11080770,1226,1432,2658,15506.5,17.14,5931,2389,40.28,1.79,42.01,21.96,26.32,
서울특별시 성북구 장위3동,1129078000,11080780,1864,2003,3867,26015.5,14.86,6041,1726,28.57,1.39,5.38,18.89,15.97,
서울특별시 성북구 성북동,1129052500,11080810,2107,2150,4257,18654,22.82,7531,3493,46.38,2.51,30.85,26.00,19.79,
서울특별시 성북구 삼선동,1129055500,11080820,2838,3056,5894,18241,32.31,10458,4941,47.25,2.47,23.99,29.12,18.38,
서울특별시 성북구 동선동,1129057500,11080830,3163,3185,6348,14378.5,44.15,8938,5829,65.22,4.39,36.02,44.25,13.61,
서울특별시 성북구 종암동,1129070500,11080840,3629,4154,7783,30981,25.12,16126,6055,37.55,5.68,18.77,24.00,19.25,
서울특별시 성북구 석관동,1129081000,11080850,3536,3787,7323,158045,4.63,15277,6011,39.35,2.76,27.22,22.61,23.22,
서울특별시 강북구 번1동,1130559500,11090600,2243,3278,5521,15292.5,36.10,8799,4791,54.45,2.71,39.81,27.09,21.70,
서울특별시 강북구 번2동,1130560300,11090610,1237,1412,2649,15145.5,17.49,6949,2807,40.39,0.57,52.92,18.13,30.13,
서울특별시 강북구 번3동,1130560800,11090620,1050,1258,2308,17585.5,13.12,7283,2641,36.26,0.24,3.73,15.14,31.88,
서울특별시 강북구 수유1동,1130561500,11090630,2317,2476,4793,19746.5,24.27,9507,4293,45.16,1.20,59.74,22.68,24.31,
서울특별시 강북구 수유2동,1130562500,11090640,2014,2220,4234,21350.5,19.83,8915,3147,35.30,0.75,47.11,18.33,27.72,
서울특별시 강북구 수유3동,1130563500,11090650,3573,3660,7233,20958.5,34.51,12394,6993,56.42,2.20,58.45,28.73,22.05,
서울특별시 강북구 삼양동,1130553400,11090690,4011,2370,6381,22486,28.38,10211,3530,34.57,0.91,33.38,18.58,23.55,
서울특별시 강북구 미아동,1130553500,11090700,2859,3040,5899,24040,24.54,10689,5538,51.81,2.87,52.63,26.07,23.99,
서울특별시 강북구 송중동,1130554500,11090710,2802,3429,6231,25264,24.66,12544,5026,40.07,2.87,37.04,20.88,23.33,
서울특별시 강북구 송천동,1130555500,11090720,2249,3474,5723,26080,21.94,11219,4740,42.25,2.37,35.84,18.48,28.09,
서울특별시 강북구 삼각산동,1130557500,11090730,2308,2620,4928,23153.5,21.28,11115,2468,22.20,0.24,0.21,14.52,17.18,
서울특별시 강북구 우이동,1130564500,11090740,2127,2203,4330,23952,18.08,8622,3068,35.58,0.81,61.99,18.83,27.39,
서울특별시 강북구 인수동,1130566000,11090750,2693,3044,5737,165538.5,3.47,12682,4663,36.77,0.74,63.46,18.32,27.41,
서울특별시 도봉구 쌍문1동,1132066000,11100510,2247,2202,4449,19039,23.37,8948,3118,34.85,0.51,50.61,22.53,24.02,
서울특별시 도봉구 쌍문2동,1132067000,11100520,1816,2046,3862,16739,23.07,7856,2785,35.45,0.95,39.13,18.88,25.28,
서울특별시 도봉구 쌍문3동,1132068000,11100530,1734,1996,3730,16896.5,22.08,7706,3326,43.16,1.34,40.92,23.09,23.36,
서울특별시 도봉구 쌍문4동,1132068100,11100540,1754,1932,3686,22460,16.41,6840,1554,22.72,0.22,7.68,17.04,21.16,
서울특별시 도봉구 방학1동,1132069000,11100550,2835,3194,6029,22846,26.39,11970,4495,37.55,1.19,27.78,18.42,25.17,
서울특별시 도봉구 방학2동,1132070000,11100560,1633,1965,3598,21714.5,16.57,8368,3311,39.57,1.22,63.54,17.12,27.20,
서울특별시 도봉구 방학3동,1132071000,11100570,2003,2140,4143,257846,1.61,9510,1823,19.17,0.19,3.47,14.89,24.57,
서울특별시 도봉구 창1동,1132051100,11100590,2298,2531,4829,25520.5,18.92,10205,3500,34.30,0.78,10.82,18.88,22.11,
서울특별시 도봉구 창2동,1132051200,11100600,2565,3013,5578,20185.5,27.63,11756,3742,31.83,0.87,54.42,20.57,21.89,
서울특별시 도봉구 창3동,1132051300,11100610,1256,1444,2700,19508.5,13.84,5899,2239,37.96,0.95,39.50,17.51,25.18,
서울특별시 도봉구 창4동,1132051400,11100620,2738,2599,5337,24779,21.54,10703,3287,30.71,0.34,0.38,19.89,19.43,
서울특별시 도봉구 창5동,1132051500,11100630,2592,2818,5410,21465.5,25.20,9777,2969,30.37,0.71,16.45,20.35,22.11,
서울특별시 도봉구 도봉1동,1132052100,11100640,1883,2167,4050,22697.5,17.84,9216,3694,40.08,0.85,56.32,15.77,33.27,
서울특별시 도봉구 도봉2동,1132052200,11100650,2821,2719,5540,23076.5,24.01,11087,3504,31.60,0.48,4.35,16.58,29.09,
서울특별시 노원구 월계1동,1135056000,11110510,2528,2690,5218,22611.5,23.08,9415,3876,41.17,3.06,28.07,27.75,20.79,
서울특별시 노원구 월계2동,1135057000,11110520,2124,2329,4453,26507,16.80,11252,4061,36.09,0.34,2.56,16.29,25.84,
서울특별시 노원구 월계3동,1135058000,11110530,2641,3077,5718,31645.5,18.07,12288,4010,32.63,0.35,0.13,18.20,24.32,
서울특별시 노원구 공릉2동,1135060000,11110560,4715,4929,9644,33108,29.13,16889,5711,33.81,1.47,8.68,27.51,14.59,
서울특별시 노원구 하계1동,1135061100,11110580,3712,4001,7713,23123.5,33.36,10516,3876,36.86,0.52,5.35,25.46,18.95,
서울특별시 노원구 하계2동,1135061200,11110590,1736,2097,3833,21075,18.19,7860,1856,23.61,0.18,0.00,16.98,18.18,
서울특별시 노원구 중계본동,1135061900,11110600,2428,2829,5257,24192,21.73,7531,1281,17.01,0.16,11.54,15.51,12.12,
서울특별시 노원구 중계1동,1135062100,11110610,3149,3280,6429,22411,28.69,8634,1295,15.00,0.66,0.00,12.49,10.97,
서울특별시 노원구 중계4동,1135062400,11110640,1797,1920,3717,25143.5,14.78,7830,2522,32.21,0.23,2.98,16.49,23.57,
서울특별시 노원구 상계1동,1135063000,11110650,3052,3386,6438,27407,23.49,14732,4232,28.73,0.36,12.57,17.97,23.46,
서울특별시 노원구 상계2동,1135064000,11110660,2180,2379,4559,22838.5,19.96,7917,2731,34.50,1.17,19.55,21.31,21.42,
서울특별시 노원구 상계5동,1135067000,11110690,2182,2517,4699,26546.5,17.70,10109,3681,36.41,0.56,25.49,18.94,25.08,
서울특별시 노원구 상계8동,1135070000,11110720,2385,2905,5290,20237,26.14,8784,2148,24.45,0.10,0.00,22.42,15.23,
서울특별시 노원구 상계9동,1135071000,11110730,1908,2331,4239,18418,23.02,7950,2159,27.16,0.19,0.00,18.53,20.82,
서울특별시 노원구 상계10동,1135072000,11110740,2012,2342,4354,239237.5,1.82,7255,1917,26.42,0.29,0.00,19.68,17.87,
서울특별시 노원구 상계3·4동,1135066500,11110760,2321,2490,4811,24565.5,19.58,11559,3878,33.55,0.40,17.72,16.20,25.25,
서울특별시 노원구 상계6·7동,1135069500,11110770,3408,3847,7255,25931,27.98,13166,4294,32.61,0.40,0.00,20.61,18.18,
서울특별시 노원구 중계2·3동,1135062500,11110780,2491,3127,5618,33939.5,16.55,14108,4925,34.91,0.26,0.00,17.02,25.72,
서울특별시 노원구 공릉1동,1135059500,11110790,4236,4506,8742,38220.5,22.87,17871,8729,48.84,1.59,24.16,27.50,20.53,
서울특별시 은평구 녹번동,1138051000,11120510,4164,4636,8800,36238.5,24.28,15989,5984,37.43,1.16,45.06,20.23,22.91,
서울특별시 은평구 불광1동,1138052000,11120520,4182,4185,8367,30464.5,27.46,16429,5937,36.14,0.85,34.14,20.33,23.31,
서울특별시 은평구 갈현1동,1138055100,11120550,1732,1953,3685,20616.5,17.87,6539,2695,41.21,1.00,58.87,22.54,23.94,
서울특별시 은평구 갈현2동,1138055200,11120560,3206,3241,6447,28899,22.31,11668,3954,33.89,1.05,69.50,21.34,21.26,
서울특별시 은평구 구산동,1138056000,11120570,2884,3099,5983,28935,20.68,12398,3734,30.12,0.60,61.95,19.55,22.78,
서울특별시 은평구 대조동,1138057000,11120580,3932,4009,7941,29576.5,26.85,14256,7207,50.55,1.76,59.27,30.43,20.28,
서울특별시 은평구 응암1동,1138058000,11120590,3977,4457,8434,29550.5,28.54,14107,5140,36.44,1.05,50.36,21.15,18.51,
서울특별시 은평구 응암2동,1138059000,11120600,2845,3081,5926,25023.5,23.68,10398,2534,24.37,0.61,13.21,15.13,16.30,
서울특별시 은평구 신사1동,1138063100,11120650,2892,3194,6086,22201.5,27.41,11164,3616,32.39,0.71,56.19,20.84,22.22,
서울특별시 은평구 신사2동,1138063200,11120660,1919,2065,3984,17276.5,23.06,7961,2625,32.97,0.93,40.88,19.88,23.45,
서울특별시 은평구 증산동,1138064000,11120670,1553,3936,5489,18190,30.18,6664,2018,30.28,0.92,32.85,19.93,21.21,
서울특별시 은평구 수색동,1138065000,11120680,2667,2095,4762,37255,12.78,8132,1932,23.76,0.47,15.00,20.66,16.42,
서울특별시 은평구 진관동,1138069000,11120710,4378,5152,9530,178066.5,5.35,20108,5502,27.36,0.54,0.12,17.47,18.27,
서울특별시 은평구 불광2동,1138053000,11120720,2979,3028,6007,20175,29.77,12760,5596,43.86,1.24,66.00,22.56,24.91,
서울특별시 은평구 응암3동,1138060000,11120730,2933,3042,5975,33601,17.78,11399,5258,46.13,1.51,65.02,22.25,26.53,
서울특별시 은평구 역촌동,1138062500,11120740,5270,4965,10235,35263.5,29.02,18944,6836,36.09,0.94,73.53,20.64,22.23,
서울특별시 서대문구 천연동,1141052000,11130520,1904,1953,3857,15832.5,24.36,7173,2595,36.18,1.71,5.03,19.64,20.70,
서울특별시 서대문구 홍제1동,1141062000,11130620,2571,2703,5274,20855.5,25.29,10347,3389,32.75,1.09,22.74,19.77,21.41,
서울특별시 서대문구 홍제3동,1141064000,11130640,1978,2167,4145,14792,28.02,7538,2488,33.01,1.33,27.45,20.02,23.79,
서울특별시 서대문구 홍제2동,1141065500,11130650,1276,2075,3351,16966,19.75,5347,1703,31.85,0.83,10.92,19.22,22.93,
서울특별시 서대문구 홍은1동,1141066000,11130660,2145,2254,4399,25686.5,17.13,8892,2716,30.54,1.20,11.06,18.30,23.40,
서울특별시 서대문구 홍은2동,1141068500,11130680,2994,3277,6271,21944.5,28.58,12166,4360,35.84,2.73,52.23,23.06,20.02,
서울특별시 서대문구 남가좌1동,1141069000,11130690,1741,1776,3517,22750,15.46,5876,1128,19.20,1.19,1.85,14.39,14.41,
서울특별시 서대문구 남가좌2동,1141070000,11130700,3339,3591,6930,22935.5,30.22,12685,4815,37.96,3.31,22.53,24.47,16.93,
서울특별시 서대문구 북가좌1동,1141071000,11130710,1630,1744,3374,23697.5,14.24,6414,1342,20.92,0.55,13.48,15.96,19.48,
서울특별시 서대문구 북가좌2동,1141072000,11130720,2898,3269,6167,195331.5,3.16,13626,5162,37.88,1.17,61.83,21.93,23.19,
서울특별시 서대문구 충현동,1141056500,11130730,2560,2766,5326,19684.5,27.06,9330,4333,46.44,2.39,21.73,25.87,18.93,
서울특별시 서대문구 북아현동,1141055500,11130740,2192,2285,4477,17234.5,25.98,6792,2539,37.38,2.44,6.80,22.41,15.63,
서울특별시 서대문구 신촌동,1141058500,11130750,5650,5623,11273,26906.5,41.90,14331,11022,76.91,15.09,44.45,65.54,6.27,
서울특별시 서대문구 연희동,1141061500,11130760,4722,4979,9701,28840.5,33.64,17462,9178,52.56,6.26,38.16,34.23,17.71,
서울특별시 마포구 용강동,1144059000,11140590,2611,2589,5200,17673,29.42,8604,2813,32.69,2.38,12.30,16.60,15.23,
서울특별시 마포구 대흥동,1144060000,11140600,3039,3124,6163,15512,39.73,7801,4604,59.02,10.16,18.02,41.30,12.15,
서울특별시 마포구 염리동,1144061000,11140610,2403,2435,4838,19480.5,24.84,7254,2813,38.78,4.42,19.65,23.10,13.05,
서울특별시 마포구 신수동,1144063000,11140630,2912,2848,5760,23147.5,24.88,9734,3618,37.17,2.42,18.47,24.25,15.99,
서울특별시 마포구 서교동,1144066000,11140660,4541,4817,9358,19746.5,47.39,14056,8863,63.05,7.51,50.20,41.60,13.25,
서울특별시 마포구 합정동,1144068000,11140680,2411,2676,5087,17161,29.64,8276,4120,49.78,2.46,65.90,31.55,16.90,
서울특별시 마포구 망원1동,1144069000,11140690,2361,2717,5078,17984.5,28.24,9202,4262,46.32,1.75,57.93,27.64,18.95,
서울특별시 마포구 망원2동,1144070000,11140700,1844,2208,4052,15629.5,25.93,7733,2791,36.09,1.32,47.22,23.51,19.04,
서울특별시 마포구 연남동,1144071000,11140710,2227,2342,4569,16160.5,28.27,7677,4246,55.31,5.75,56.83,34.21,17.09,
서울특별시 마포구 성산1동,1144072000,11140720,2524,2535,5059,28412,17.81,8836,3978,45.02,1.80,70.26,26.99,17.46,
서울특별시 마포구 성산2동,1144073000,11140730,4773,4973,9746,33784.5,28.85,18262,8269,45.28,1.18,17.71,27.55,18.29,
서울특별시 마포구 상암동,1144074000,11140740,3353,3543,6896,229868.5,3.00,12253,4383,35.77,1.52,5.73,20.24,15.42,
서울특별시 마포구 도화동,1144058500,11140750,2411,2477,4888,20722,23.59,8631,3057,35.42,1.50,7.25,21.15,19.92,
서울특별시 마포구 서강동,1144065500,11140760,3381,3538,6919,24019,28.81,11525,5211,45.21,3.38,23.34,31.27,13.77,
서울특별시 마포구 공덕동,1144056500,11140770,4714,5031,9745,28214.5,34.54,16472,6991,42.44,2.28,23.90,25.47,17.80,
서울특별시 마포구 아현동,1144055500,11140780,3864,3658,7522,32560,23.10,11651,3308,28.39,1.96,1.17,20.31,13.69,
서울특별시 양천구 목1동,1147051000,11150510,3330,3435,6765,29126.5,23.23,9857,1317,13.36,0.86,2.54,12.14,12.95,
서울특별시 양천구 목2동,1147052000,11150520,3400,3890,7290,24408.5,29.87,12320,4533,36.79,1.26,61.58,24.49,17.11,
서울특별시 양천구 목3동,1147053000,11150530,2702,3001,5703,22413.5,25.44,9455,3698,39.11,1.01,58.46,24.31,19.23,
서울특별시 양천구 목4동,1147054000,11150540,2509,2753,5262,32142,16.37,9359,2753,29.42,1.60,49.05,20.93,15.56,
서울특별시 양천구 신월1동,1147056000,11150570,1827,2215,4042,19520.5,20.71,8981,3825,42.59,1.90,52.58,18.06,25.94,
서울특별시 양천구 신월2동,1147057000,11150580,2043,2232,4275,17206,24.85,8125,2158,26.56,1.05,32.11,17.54,22.47,
서울특별시 양천구 신월3동,1147058000,11150590,1375,1570,2945,15344.5,19.19,6761,3121,46.16,1.98,42.42,18.56,25.12,
서울특별시 양천구 신월4동,1147059000,11150600,1259,1542,2801,15292.5,18.32,6439,1370,21.28,0.58,34.99,16.37,22.55,
서울특별시 양천구 신월5동,1147060000,11150610,1580,1624,3204,13703,23.38,5855,1994,34.06,1.46,49.95,20.29,20.55,
서울특별시 양천구 신월6동,1147061000,11150620,1803,1991,3794,15966.5,23.76,5087,1030,20.25,0.37,11.16,16.48,16.46,
서울특별시 양천구 신월7동,1147061100,11150630,1713,2040,3753,18740.5,20.03,8305,2934,35.33,0.53,57.76,17.82,26.57,
서울특별시 양천구 신정1동,1147062000,11150640,2148,2251,4399,19012.5,23.14,6553,1077,16.44,0.93,4.44,13.35,15.99,
서울특별시 양천구 신정2동,1147063000,11150650,1918,2067,3985,33486,11.90,6476,1324,20.44,2.09,6.85,14.34,16.61,
서울특별시 양천구 신정3동,1147064000,11150660,3974,4872,8846,39391.5,22.46,18623,4668,25.07,1.25,7.50,17.62,18.97,
서울특별시 양천구 신정6동,1147067000,11150690,2580,2593,5173,25930,19.95,7811,883,11.30,0.17,0.00,14.14,14.53,
서울특별시 양천구 신정7동,1147068000,11150700,2716,2891,5607,291616.5,1.92,11012,3011,27.34,0.47,1.15,14.48,20.95,
서울특별시 양천구 목5동,1147055000,11150710,4142,4216,8358,29719,28.12,12918,1407,10.89,0.46,0.00,12.05,13.98,
서울특별시 양천구 신정4동,1147065000,11150720,3949,4201,8150,27525.5,29.61,15107,6783,44.90,3.22,62.02,24.45,21.52,
서울특별시 강서구 염창동,1150051000,11160510,4236,4610,8846,33038.5,26.77,15792,4250,26.91,0.35,7.66,21.17,13.08,
서울특별시 강서구 등촌1동,1150052000,11160520,4362,4372,8734,22015.5,39.67,13551,7502,55.36,0.94,21.65,33.92,13.51,
서울특별시 강서구 등촌2동,1150053000,11160530,2408,2574,4982,23984.5,20.77,8027,2694,33.56,0.72,46.95,23.07,19.85,
서울특별시 강서구 등촌3동,1150053500,11160540,2987,3258,6245,39179.5,15.94,14428,6652,46.10,0.41,1.56,18.97,26.98,
서울특별시 강서구 화곡본동,1150059000,11160550,4366,5095,9461,28694,32.97,15869,7387,46.55,1.26,80.15,27.61,17.79,
서울특별시 강서구 화곡2동,1150055000,11160570,2044,2194,4238,18705.5,22.66,7572,2853,37.68,2.34,80.91,21.80,19.32,
서울특별시 강서구 화곡3동,1150056000,11160580,2350,2695,5045,19855,25.41,8889,3197,35.97,1.33,38.71,21.43,23.63,
서울특별시 강서구 화곡4동,1150057000,11160590,2013,2490,4503,25558,17.62,8820,3408,38.64,2.19,74.72,19.73,23.11,
서울특별시 강서구 화곡6동,1150059100,11160610,3670,3966,7636,24062,31.73,12435,5857,47.10,1.08,45.03,27.92,17.94,
서울특별시 강서구 화곡8동,1150059300,11160630,2797,3468,6265,28047.5,22.34,10638,4205,39.53,2.34,80.50,23.97,21.73,
서울특별시 강서구 가양2동,1150060400,11160650,1460,1622,3082,13314,23.15,7548,4266,56.52,0.61,0.00,18.97,35.67,
서울특별시 강서구 가양3동,1150060500,11160660,1431,1854,3285,24249.5,13.55,7367,3472,47.13,0.33,0.00,19.90,29.74,
서울특별시 강서구 발산1동,1150061100,11160670,3107,3558,6665,39068.5,17.06,12805,2661,20.78,0.32,19.45,16.91,16.70,
서울특별시 강서구 공항동,1150062000,11160690,3664,3722,7386,34996.5,21.10,12932,5069,39.20,2.78,42.08,20.43,16.03,
서울특별시 강서구 방화1동,1150063000,11160700,4243,4692,8935,31421.5,28.44,16185,4397,27.17,0.88,18.28,17.23,18.79,
서울특별시 강서구 방화2동,1150064000,11160710,3123,2911,6034,22210,27.17,11148,5184,46.50,1.43,27.70,22.49,24.46,
서울특별시 강서구 화곡1동,1150054000,11160730,7541,8521,16062,33148,48.46,25878,12824,49.56,2.38,59.34,29.03,19.30,
서울특별시 강서구 우장산동,1150061500,11160740,4496,4776,9272,36532,25.38,15814,3494,22.09,0.69,22.70,17.07,16.55,
서울특별시 강서구 가양1동,1150060300,11160751,6636,6927,13563,23259.5,58.31,19869,12797,64.41,2.34,22.70,39.64,16.55,
서울특별시 강서구 방화3동,1150064100,11160761,2272,2552,4824,204430.5,2.36,10469,4579,43.74,0.47,22.70,16.54,16.55,
서울특별시 구로구 신도림동,1153051000,11170510,3332,3437,6769,28055,24.13,13665,3350,24.52,1.23,1.23,18.95,15.33,
서울특별시 구로구 구로1동,1153052000,11170520,2062,2265,4327,21106.5,20.50,8052,2129,26.44,0.63,1.64,20.60,16.16,
서울특별시 구로구 구로3동,1153054000,11170540,3754,4100,7854,20379,38.54,12713,7236,56.92,9.52,21.06,27.50,16.51,
서울특별시 구로구 구로4동,1153055000,11170550,1933,2329,4262,23354.5,18.25,9277,4171,44.96,23.36,18.11,17.74,23.93,
서울특별시 구로구 구로5동,1153056000,11170560,4014,4241,8255,18649,44.27,14451,6940,48.02,13.68,7.73,25.41,18.69,
서울특별시 구로구 고척1동,1153072000,11170610,2566,2573,5139,25777.5,19.94,11008,3289,29.88,2.51,15.65,22.12,20.07,
서울특별시 구로구 고척2동,1153073000,11170620,2224,2492,4716,29052.5,16.23,10695,3447,32.23,3.95,24.92,17.81,23.66,
서울특별시 구로구 개봉2동,1153075000,11170640,2401,2905,5306,24212.5,21.91,11527,2745,23.81,2.14,35.86,16.88,25.38,
서울특별시 구로구 개봉3동,1153076000,11170650,1648,1875,3523,20643.5,17.07,8099,2297,28.36,2.86,58.27,17.08,25.18,
서울특별시 구로구 오류1동,1153077000,11170670,3411,3510,6921,29321,23.60,11901,6194,52.05,3.92,24.53,28.62,20.74,
서울특별시 구로구 수궁동,1153079000,11170690,2166,2476,4642,18981,24.46,9279,2718,29.29,1.96,42.29,17.80,23.16,
서울특별시 구로구 가리봉동,1153059500,11170700,1632,1613,3245,17577,18.46,5223,3379,64.69,39.89,50.57,19.93,21.22,
서울특별시 구로구 구로2동,1153053000,11170710,2227,2483,4710,22325,21.10,10973,4775,43.52,34.53,32.12,15.74,23.09,
서울특별시 구로구 개봉1동,1153074000,11170720,3471,3541,7012,31161,22.50,13921,4332,31.12,4.47,29.26,19.23,23.18,
서울특별시 구로구 오류2동,1153078000,11170730,2673,3823,6496,29112.5,22.31,14538,4146,28.52,2.77,14.47,17.00,22.26,
서울특별시 구로구 항동,1153080000,11170740,1435,1678,3113,120435,2.58,6066,1484,24.46,0.45,3.11,15.82,12.49,
서울특별시 금천구 가산동,1154551000,11180510,6154,5955,12109,36262.5,33.39,17085,12732,74.52,13.85,36.77,41.93,12.30,
서울특별시 금천구 독산1동,1154561000,11180520,8672,7979,16651,32494.5,51.24,24738,13003,52.56,6.91,15.82,30.80,14.51,
서울특별시 금천구 독산2동,1154562000,11180530,1731,2023,3754,20039.5,18.73,8544,3771,44.14,12.63,61.81,19.89,22.73,
서울특별시 금천구 독산3동,1154563000,11180540,2576,3132,5708,18401,31.02,11612,5364,46.19,20.60,53.18,20.59,22.08,
서울특별시 금천구 독산4동,1154564000,11180550,1386,1726,3112,22735,13.69,6889,3052,44.30,16.53,57.35,18.96,21.91,
서울특별시 금천구 시흥1동,1154567000,11180570,3592,3892,7484,25736.5,29.08,15019,6494,43.24,9.30,33.19,20.58,22.81,
서울특별시 금천구 시흥2동,1154568000,11180580,1454,1759,3213,15029,21.38,7854,1986,25.29,0.52,3.77,15.05,23.80,
서울특별시 금천구 시흥3동,1154569000,11180590,842,873,1715,14354,11.95,4361,1338,30.68,1.86,36.47,18.07,25.65,
서울특별시 금천구 시흥4동,1154570000,11180600,1367,1959,3326,17986,18.49,8306,2812,33.86,5.70,49.53,17.35,25.41,
서울특별시 금천구 시흥5동,1154571000,11180610,1508,1949,3457,195286.5,1.77,8268,3306,39.99,5.26,43.09,17.41,26.94,
서울특별시 영등포구 여의동,1156054000,11190540,4282,3754,8036,27608.5,29.11,12973,3597,27.73,1.25,0.00,17.40,20.84,
서울특별시 영등포구 당산1동,1156055000,11190550,3575,3447,7022,28740,24.43,10934,5611,51.32,3.12,13.21,31.87,17.59,
서울특별시 영등포구 당산2동,1156056000,11190560,5694,6055,11749,26943.5,43.61,17662,8765,49.63,1.69,11.54,31.66,14.20,
서울특별시 영등포구 양평1동,1156061000,11190610,3093,3124,6217,20463,30.38,9293,4680,50.36,2.15,10.52,30.01,14.11,
서울특별시 영등포구 양평2동,1156062000,11190620,3683,3600,7283,20795,35.02,10580,4530,42.82,1.38,27.53,30.09,13.77,
서울특별시 영등포구 신길1동,1156063000,11190630,3146,3328,6474,17446,37.11,10596,6175,58.28,9.76,29.11,28.50,19.47,
서울특별시 영등포구 신길3동,1156065000,11190650,1788,1811,3599,13966,25.77,7011,2572,36.69,9.41,8.25,18.74,21.39,
서울특별시 영등포구 신길4동,1156066000,11190660,1220,1462,2682,10712,25.04,5192,1863,35.88,9.82,10.47,17.72,21.64,
서울특별시 영등포구 신길5동,1156067000,11190670,1131,1412,2543,13723,18.53,4107,1438,35.01,13.20,31.20,15.66,22.02,
서울특별시 영등포구 신길6동,1156068000,11190680,3023,2811,5834,18682.5,31.23,8069,3495,43.31,8.45,11.98,24.79,20.40,
서울특별시 영등포구 신길7동,1156069000,11190690,3052,3275,6327,16421.5,38.53,7457,1874,25.13,1.74,3.08,19.63,15.18,
서울특별시 영등포구 대림1동,1156070000,11190700,1602,1813,3415,12403,27.53,6203,2473,39.87,20.75,14.98,17.58,22.79,
서울특별시 영등포구 대림2동,1156071000,11190710,1584,1726,3310,16294.5,20.31,6299,3231,51.29,36.90,21.46,17.58,21.07,
서울특별시 영등포구 대림3동,1156072000,11190720,2140,2552,4692,198130.5,2.37,9505,3493,36.75,20.39,25.51,17.83,22.23,
서울특별시 영등포구 영등포본동,1156051500,11190730,2428,2749,5177,25734.5,20.12,9315,3852,41.35,13.84,22.85,19.55,21.89,
서울특별시 영등포구 영등포동,1156053500,11190740,7969,7195,15164,32511.5,46.64,20056,14266,71.13,2.57,21.43,45.47,11.55,
서울특별시 영등포구 도림동,1156058500,11190750,2586,2546,5132,24551.5,20.90,8996,4485,49.86,14.16,24.77,23.17,19.71,
서울특별시 영등포구 문래동,1156060500,11190760,3054,3756,6810,24720.5,27.55,12339,3298,26.73,0.71,0.61,18.23,17.62,
서울특별시 동작구 노량진2동,1159052000,11200520,1508,3577,5085,25815.5,19.70,5014,3432,68.45,9.21,29.47,33.91,20.85,
서울특별시 동작구 상도1동,1159053000,11200530,6508,6763,13271,35487.5,37.40,21252,10285,48.40,4.11,26.09,33.96,16.88,
서울특별시 동작구 상도2동,1159054000,11200540,3571,3862,7433,25255.5,29.43,11564,4150,35.89,1.93,20.10,22.96,17.25,
서울특별시 동작구 상도3동,1159055000,11200550,2945,3167,6112,26165,23.36,11302,5067,44.83,2.21,61.22,26.75,21.30,
서울특별시 동작구 상도4동,1159056000,11200560,4781,3515,8296,29411.5,28.21,13418,5721,42.64,2.12,65.34,25.02,20.28,
서울특별시 동작구 사당1동,1159062000,11200630,4051,4181,8232,25005.5,32.92,12725,7550,59.33,4.11,59.55,36.17,18.42,
서울특별시 동작구 사당3동,1159064000,11200650,2912,3164,6076,18392.5,33.04,9587,3045,31.76,1.72,22.22,20.68,21.67,
서울특별시 동작구 사당4동,1159065000,11200660,1856,1976,3832,13792.5,27.78,6787,3230,47.59,1.90,54.58,27.43,22.15,
서울특별시 동작구 사당5동,1159065100,11200670,1930,2045,3975,24262.5,16.38,6260,2384,38.08,1.38,31.32,23.42,18.65,
서울특별시 동작구 대방동,1159066000,11200680,4802,5413,10215,28383.5,35.99,15780,6712,42.53,1.67,27.79,26.19,16.86,
서울특별시 동작구 신대방1동,1159067000,11200690,2638,2847,5485,22314,24.58,9856,3621,36.74,13.63,14.84,19.95,19.64,
서울특별시 동작구 신대방2동,1159068000,11200700,3240,3435,6675,249997,2.67,9913,4215,42.52,2.57,26.21,26.60,17.20,
서울특별시 동작구 흑석동,1159060500,11200710,3720,3623,7343,26106,28.13,12302,3933,31.97,7.15,8.70,28.95,15.76,
서울특별시 동작구 노량진1동,1159051000,11200720,6552,5914,12466,20399,61.11,16258,8116,49.92,1.58,7.88,30.19,19.55,
서울특별시 동작구 사당2동,1159063000,11200730,3328,3675,7003,25556,27.40,11597,3687,31.79,2.93,11.07,20.09,22.66,
서울특별시 관악구 보라매동,1162052500,11210520,3260,3654,6914,18737.5,36.90,12083,6282,51.99,3.04,44.66,29.29,21.43,
서울특별시 관악구 청림동,1162054500,11210540,1431,1630,3061,21251.5,14.40,5946,1672,28.12,1.00,5.43,19.18,21.12,
서울특별시 관악구 행운동,1162057500,11210570,5586,5702,11288,22890.5,49.31,17324,11133,64.26,2.25,30.77,40.58,16.10,
서울특별시 관악구 낙성대동,1162058500,11210580,4376,4276,8652,26683,32.43,10802,7666,70.97,3.74,27.69,53.76,9.29,
서울특별시 관악구 중앙동,1162061500,11210610,3308,3291,6599,20093.5,32.84,9674,6684,69.09,3.75,38.93,44.44,16.55,
서울특별시 관악구 인헌동,1162062500,11210620,3951,4330,8281,21197,39.07,13874,8029,57.87,1.82,57.31,36.22,17.33,
서울특별시 관악구 남현동,1162063000,11210630,3086,3273,6359,20106.5,31.63,9069,4766,52.55,1.69,40.46,34.21,18.18,
서울특별시 관악구 서원동,1162064500,11210640,4876,4827,9703,20117,48.23,14307,9382,65.58,3.85,58.14,43.54,15.47,
서울특별시 관악구 신원동,1162065500,11210650,3021,3144,6165,20220.5,30.49,10402,6512,62.60,8.17,42.85,35.73,19.48,
서울특별시 관악구 서림동,1162066500,11210660,4734,4804,9538,22836,41.77,14032,9140,65.14,3.29,37.87,38.45,16.20,
서울특별시 관악구 신사동,1162068500,11210680,4337,4376,8713,22480,38.76,13577,8976,66.11,14.03,48.30,36.46,17.08,
서울특별시 관악구 신림동,1162069500,11210690,6773,6592,13365,18857,70.88,17279,13874,80.29,3.90,46.32,57.35,9.28,
서울특별시 관악구 난향동,1162071500,11210710,1318,1384,2702,17039.5,15.86,5731,1609,28.08,1.14,10.63,15.37,21.54,
서울특별시 관악구 조원동,1162072500,11210720,3603,3684,7287,22086.5,32.99,11486,7036,61.26,12.16,43.83,34.58,16.47,
서울특별시 관악구 대학동,1162073500,11210730,5777,5624,11401,22078,51.64,15961,11723,73.45,3.88,18.77,42.49,12.91,
서울특별시 관악구 은천동,1162060500,11210780,3792,4274,8066,23261.5,34.68,15074,6630,43.98,2.27,29.27,25.06,20.20,
서울특별시 관악구 성현동,1162056500,11210790,2488,2801,5289,29194,18.12,11583,3721,32.12,0.59,12.93,18.83,21.51,
서울특별시 관악구 청룡동,1162059500,11210800,7910,7789,15699,33843.5,46.39,22633,15630,69.06,4.51,21.87,46.62,13.83,
서울특별시 관악구 난곡동,1162077500,11210810,2323,2742,5065,216267.5,2.34,11690,4925,42.13,3.02,58.36,22.10,23.80,
서울특별시 관악구 삼성동,1162074500,11210820,1267,1622,2889,24439,11.82,8623,3102,35.97,0.98,12.89,15.77,30.69,
서울특별시 관악구 미성동,1162076500,11210830,3013,3543,6556,26610.5,24.64,12998,5113,39.34,3.32,39.47,22.36,22.91,
서울특별시 서초구 서초1동,1165051000,11220510,3048,3069,6117,22338,27.38,8728,3645,41.76,1.82,21.32,23.64,17.54,
서울특별시 서초구 서초2동,1165052000,11220520,3778,3851,7629,28340.5,26.92,10639,4325,40.65,2.62,5.61,23.87,13.31,
서울특별시 서초구 서초3동,1165053000,11220530,5036,5080,10116,31118,32.51,14013,6010,42.89,2.05,28.33,25.85,17.37,
서울특별시 서초구 서초4동,1165053100,11220540,3192,3254,6446,28339.5,22.75,10090,1788,17.72,1.60,0.78,14.79,15.84,
서울특별시 서초구 잠원동,1165054000,11220550,2981,3087,6068,17500,34.67,9879,2736,27.70,1.45,5.29,17.38,14.47,
서울특별시 서초구 반포본동,1165055000,11220560,26,46,72,16944,0.42,46,8,17.39,0.44,0.00,20.14,15.83,
서울특별시 서초구 반포1동,1165056000,11220570,4473,4614,9087,29892.5,30.40,13697,5289,38.61,2.14,21.71,18.47,13.37,
서울특별시 서초구 반포2동,1165057000,11220580,5008,1933,6941,25196.5,27.55,8043,731,9.09,1.14,0.00,12.17,14.93,
서울특별시 서초구 반포3동,1165058000,11220590,2804,2678,5482,21040,26.06,7834,1080,13.79,0.51,0.00,14.84,15.32,
서울특별시 서초구 반포4동,1165058100,11220600,2260,2370,4630,19167,24.16,6414,1314,20.49,2.98,19.56,15.12,17.93,
서울특별시 서초구 방배본동,1165059000,11220610,2552,2845,5397,18221.5,29.62,7286,1945,26.70,1.22,29.55,16.70,17.39,
서울특별시 서초구 방배1동,1165060000,11220620,2332,2422,4754,17047.5,27.89,7011,2598,37.06,1.15,51.29,21.26,20.65,
서울특별시 서초구 방배2동,1165061000,11220630,2302,2469,4771,16634,28.68,7140,2218,31.06,1.03,40.46,20.00,22.79,
서울특별시 서초구 방배3동,1165062000,11220640,1787,2005,3792,19092,19.86,5339,890,16.67,1.07,25.75,15.93,21.20,
서울특별시 서초구 방배4동,1165062100,11220650,2978,3047,6025,32459.5,18.56,8979,2918,32.50,1.36,40.29,19.06,17.38,
서울특별시 서초구 양재1동,1165065100,11220660,4459,5299,9758,30815,31.67,16579,5358,32.32,1.12,15.41,17.79,20.25,
서울특별시 서초구 양재2동,1165065200,11220670,3094,3351,6445,18796,34.29,10122,4810,47.52,1.44,65.23,25.92,16.13,
서울특별시 서초구 내곡동,1165066000,11220680,1754,2071,3825,286903.5,1.33,6545,1780,27.20,0.63,1.27,14.68,22.28,
서울특별시 강남구 신사동,1168051000,11230510,1811,1988,3799,17930.5,21.19,5990,1931,32.24,3.20,15.89,18.09,21.85,
서울특별시 강남구 개포3동,1168067500,11230511,2104,2253,4357,19493.5,22.35,6993,2298,32.86,0.57,15.89,16.61,23.09,
서울특별시 강남구 논현1동,1168052100,11230520,4055,4329,8384,20410,41.08,11987,7446,62.12,4.23,52.73,33.31,15.02,
서울특별시 강남구 논현2동,1168053100,11230530,3464,3693,7157,22833.5,31.34,10055,5106,50.78,2.05,39.43,25.95,16.93,
서울특별시 강남구 삼성1동,1168058000,11230580,1604,1824,3428,21604,15.87,4707,1546,32.84,2.92,18.11,18.92,20.18,
서울특별시 강남구 삼성2동,1168059000,11230590,4508,4609,9117,27108,33.63,12708,4928,38.78,1.75,26.38,19.70,13.74,
서울특별시 강남구 대치1동,1168060000,11230600,3319,3251,6570,31017.5,21.18,7003,438,6.25,0.27,0.63,9.66,12.51,
서울특별시 강남구 대치4동,1168063000,11230630,3842,4218,8060,26113,30.87,8935,4441,49.70,2.49,58.82,25.48,12.37,
서울특별시 강남구 역삼1동,1168064000,11230640,8606,8581,17187,35177,48.86,21140,14255,67.43,3.58,57.65,37.16,11.51,
서울특별시 강남구 역삼2동,1168065000,11230650,5769,5919,11688,28362,41.21,14392,5214,36.23,1.84,21.59,18.44,10.89,
서울특별시 강남구 도곡1동,1168065500,11230660,2825,2814,5639,26508,21.27,7583,2055,27.10,1.36,9.71,17.78,16.85,
서울특별시 강남구 도곡2동,1168065600,11230670,3829,4209,8038,29273.5,27.46,10636,1626,15.29,0.97,2.40,13.11,17.74,
서울특별시 강남구 개포1동,1168066000,11230680,16089,1747,17836,34490.5,51.71,8543,1063,12.44,0.21,6.34,13.59,15.69,
서울특별시 강남구 개포4동,1168069000,11230710,3248,3370,6618,34611,19.12,9219,2903,31.49,1.03,40.91,19.41,16.82,
서울특별시 강남구 일원본동,1168072000,11230720,2246,2506,4752,18330,25.92,7467,1113,14.91,0.24,0.00,13.50,17.00,
서울특별시 강남구 일원1동,1168073000,11230730,1835,2058,3893,13827.5,28.15,6884,3114,45.24,1.55,24.58,21.48,25.66,
서울특별시 강남구 수서동,1168075000,11230750,1387,1697,3084,331302,0.93,7274,3614,49.68,0.57,0.00,14.37,39.08,
서울특별시 강남구 세곡동,1168070000,11230760,6011,5338,11349,34268,33.12,19177,6830,35.62,0.49,1.29,19.99,17.74,
서울특별시 강남구 압구정동,1168054500,11230770,2780,2826,5606,24728.5,22.67,8993,1939,21.56,1.42,5.60,14.21,23.25,
서울특별시 강남구 청담동,1168056500,11230780,3387,4073,7460,18559,40.20,9625,3253,33.80,1.71,13.93,18.90,17.64,
서울특별시 강남구 대치2동,1168061000,11230790,5730,5664,11394,28338.5,40.21,12574,1970,15.67,0.98,8.00,12.85,15.54,
서울특별시 강남구 개포2동,1168067000,11230800,5439,5032,10471,29349.5,35.68,14448,2191,15.16,0.47,4.13,17.44,13.59,
서울특별시 송파구 풍납1동,1171051000,11240510,1078,1552,2630,16897,15.56,5033,1783,35.43,9.14,17.05,16.80,25.65,
서울특별시 송파구 풍납2동,1171052000,11240520,2452,3171,5623,17362.5,32.39,9341,2996,32.07,1.19,17.63,21.54,19.03,
서울특별시 송파구 거여1동,1171053100,11240530,1564,1725,3289,17526,18.77,5124,1853,36.16,1.00,37.87,20.59,23.17,
서울특별시 송파구 거여2동,1171053200,11240540,2834,3112,5946,19473.5,30.53,9394,2684,28.57,0.48,10.11,16.89,20.83,
서울특별시 송파구 마천1동,1171054000,11240550,1492,3182,4674,16204,28.84,7400,2623,35.45,1.19,32.99,16.86,26.41,
서울특별시 송파구 마천2동,1171055000,11240560,1830,2030,3860,15979,24.16,7647,2806,36.69,1.10,48.47,16.94,27.87,
서울특별시 송파구 방이1동,1171056100,11240570,1750,1865,3615,20518,17.62,5765,1595,27.67,1.01,45.72,20.50,17.87,
서울특별시 송파구 방이2동,1171056200,11240580,5127,5246,10373,21851.5,47.47,14809,8745,59.05,2.54,72.41,35.88,14.74,
서울특별시 송파구 오륜동,1171056600,11240590,1717,1911,3628,27684,13.11,5504,455,8.27,0.16,0.00,15.65,19.41,
서울특별시 송파구 오금동,1171057000,11240600,4999,4466,9465,30105,31.44,14859,4010,26.99,0.71,36.06,18.77,20.54,
서울특별시 송파구 송파1동,1171058000,11240610,3812,4151,7963,20707,38.46,11533,5590,48.47,2.07,76.79,30.55,16.71,
서울특별시 송파구 송파2동,1171059000,11240620,2396,2394,4790,24824.5,19.30,6798,1503,22.11,1.20,25.90,19.08,18.27,
서울특별시 송파구 석촌동,1171060000,11240630,4865,5253,10118,29391,34.43,15703,8037,51.18,2.84,82.14,28.76,16.94,
서울특별시 송파구 삼전동,1171061000,11240640,4450,4819,9269,26534.5,34.93,14728,7501,50.93,1.86,88.44,29.01,15.94,
서울특별시 송파구 가락본동,1171062000,11240650,3153,3608,6761,25894.5,26.11,10570,3784,35.80,2.22,32.60,22.61,18.34,
서울특별시 송파구 가락1동,1171063100,11240660,3146,3445,6591,28844,22.85,9382,1266,13.49,0.36,0.00,15.60,15.49,
서울특별시 송파구 가락2동,1171063200,11240670,3570,4010,7580,24126,31.42,11678,3000,25.69,1.22,33.12,19.83,16.49,
서울특별시 송파구 문정1동,1171064100,11240680,3055,2920,5975,24151.5,24.74,8360,3037,36.33,1.23,45.73,24.91,18.24,
서울특별시 송파구 문정2동,1171064200,11240690,5169,5271,10440,29714,35.13,15017,8228,54.79,0.98,0.00,30.73,16.27,
서울특별시 송파구 잠실본동,1171065000,11240710,4533,4765,9298,31025.5,29.97,14841,8317,56.04,2.77,79.06,31.79,15.57,
서울특별시 송파구 잠실4동,1171069000,11240750,2346,2574,4920,18739.5,26.25,6801,751,11.04,0.44,0.00,12.34,15.96,
서울특별시 송파구 잠실6동,1171071000,11240770,1828,1964,3792,12833.5,29.55,5474,709,12.95,1.38,0.00,14.86,20.81,
서울특별시 송파구 잠실7동,1171072000,11240780,869,917,1786,246812,0.72,3134,382,12.19,0.28,0.00,15.13,26.88,
서울특별시 송파구 잠실2동,1171067000,11240790,4112,4237,8349,34166.5,24.44,11028,1323,12.00,0.45,0.00,12.26,11.96,
서울특별시 송파구 잠실3동,1171068000,11240800,3905,3954,7859,27323,28.76,11212,1343,11.98,0.84,0.00,13.46,20.18,
서울특별시 송파구 장지동,1171064600,11240810,5847,3801,9648,37809.5,25.52,12134,3401,28.03,0.77,25.10,19.71,18.21,
서울특별시 송파구 위례동,1171064700,11240820,4816,4876,9692,36241,26.74,14548,1998,13.73,0.26,0.00,14.78,9.35,
서울특별시 강동구 명일1동,1174053000,11250530,2806,3285,6091,20716,29.40,9391,2146,22.85,0.44,12.73,16.94,19.26,
서울특별시 강동구 명일2동,1174054000,11250540,2233,2444,4677,20302.5,23.04,6048,1416,23.41,0.47,5.51,16.93,18.56,
서울특별시 강동구 고덕1동,1174055000,11250550,2602,2762,5364,24514.5,21.88,7836,1122,14.32,0.64,4.18,11.35,14.65,
서울특별시 강동구 고덕2동,1174056000,11250560,5877,3375,9252,29700.5,31.15,9382,2103,22.42,0.99,6.45,15.15,15.26,
서울특별시 강동구 암사2동,1174058000,11250580,1876,2222,4098,15784.5,25.96,6040,1789,29.62,0.64,16.40,20.23,19.46,
서울특별시 강동구 암사3동,1174059000,11250590,1882,1976,3858,21170.5,18.22,5778,843,14.59,0.27,9.17,14.34,18.51,
서울특별시 강동구 천호1동,1174060000,11250610,3096,3426,6522,29758,21.92,11704,4654,39.76,1.17,49.26,20.46,23.70,
서울특별시 강동구 천호3동,1174062000,11250630,4706,4563,9269,22686,40.86,13644,7027,51.50,2.91,26.17,28.62,19.79,
서울특별시 강동구 성내1동,1174064000,11250650,2287,2600,4887,21368.5,22.87,7747,2324,30.00,0.86,42.31,20.28,18.66,
서울특별시 강동구 성내2동,1174065000,11250660,4086,3728,7814,22962,34.03,12684,6681,52.67,4.46,47.59,28.12,20.79,
서울특별시 강동구 성내3동,1174066000,11250670,2898,3511,6409,34542.5,18.55,9852,3864,39.22,1.62,47.14,22.23,20.34,
서울특별시 강동구 둔촌1동,1174069000,11250700,10904,68,10972,28807,38.09,9,7,77.78,0.00,0.00,0.00,26.32,
서울특별시 강동구 둔촌2동,1174070000,11250710,3800,3428,7228,1644541.5,0.44,9612,2716,28.26,0.97,27.47,19.79,21.18,
서울특별시 강동구 암사1동,1174057000,11250720,3826,4320,8146,23621.5,34.49,14665,5418,36.95,1.18,57.78,19.97,21.23,
서울특별시 강동구 천호2동,1174061000,11250730,6381,4808,11189,30486,36.70,16445,7719,46.94,3.14,52.35,24.16,21.47,
서울특별시 강동구 길동,1174068500,11250740,9292,6397,15689,33352,47.04,21745,8975,41.27,1.02,30.40,22.73,20.86,
서울특별시 강동구 강일동,1174051500,11250750,3776,3296,7072,36752.5,19.24,13477,3503,25.99,0.00,30.40,15.27,19.15,
서울특별시 강동구 상일1동,1174052500,11250760,4597,4832,9429,26257.5,35.91,13066,1643,12.57,0.00,30.40,12.94,14.16,
서울특별시 강동구 상일2동,1174052600,11250770,2933,1131,4064,19058,21.32,5244,1651,31.48,0.00,30.40,18.55,16.12,
