ADM_CD_2025,ADM_NM,SGG_CD,total_damage_count,log_total_damage_count,total_F_AREA,log_total_F_AREA,total_area_depth,log_total_area_depth,n_damage_years,area_depth_evenness,max_year_share_area_depth,cluster_id,cluster_label,cluster_number_label
11010530,사직동,11010,31,3.4657359027997265,4310.19,8.368969247076793,1286.218,7.1602385794212955,4,0.3972858569477908,0.8274491571413244,1,3. Moderate or low damage but recurrent,Cluster 1: 3. Moderate or low damage but recurrent
11010540,삼청동,11010,5,1.791759469228055,1469.09166321,7.293080033753903,440.727498963,6.090693173768957,3,0.7217590780918798,0.6847088069386253,1,3. Moderate or low damage but recurrent,Cluster 1: 3. Moderate or low damage but recurrent
11010550,부암동,11010,8,2.1972245773362196,1234.9132684400001,7.119565464390476,343.75798053200003,5.842842665156752,4,0.8678949013341534,0.40559343616175625,1,3. Moderate or low damage but recurrent,Cluster 1: 3. Moderate or low damage but recurrent
11010560,평창동,11010,8,2.1972245773362196,4290.11508776,8.36430190536362,1270.016526328,7.147572273723331,3,0.6974031792553065,0.6103704245245376,1,3. Moderate or low damage but recurrent,Cluster 1: 3. Moderate or low damage but recurrent
11010570,무악동,11010,1,0.6931471805599453,60.5,4.119037174812473,18.15,2.952302715626655,1,0,1,2,4. Low damage and episodic,Cluster 2: 4. Low damage and episodic
11010580,교남동,11010,5,1.791759469228055,729.3,6.593455408626064,218.78999999999996,5.392672545029182,2,0.17988790931875787,0.9728506787330317,2,4. Low damage and episodic,Cluster 2: 4. Low damage and episodic
11010600,가회동,11010,4,1.6094379124341003,1658.8,7.414452392164348,497.63999999999993,6.211884392500595,2,0.5200078893581647,0.8832288401253918,1,3. Moderate or low damage but recurrent,Cluster 1: 3. Moderate or low damage but recurrent
11010610,종로1·2·3·4가동,11010,23,3.1780538303479458,4044.1,8.305261551065874,1213.23,7.101865410017526,2,0.3968173232960318,0.9215152938849187,1,3. Moderate or low damage but recurrent,Cluster 1: 3. Moderate or low damage but recurrent
11010630,종로5·6가동,11010,11,2.4849066497880004,1033,6.9411900550683745,309.9,5.739471317064708,3,0.48564929134856666,0.8419167473378508,1,3. Moderate or low damage but recurrent,Cluster 1: 3. Moderate or low damage but recurrent
11010640,이화동,11010,2,1.0986122886681098,136.4,4.922896379788249,29.919999999999998,3.4314032237192214,2,0.833764907210665,0.7352941176470589,1,3. Moderate or low damage but recurrent,Cluster 1: 3. Moderate or low damage but recurrent
11010670,창신1동,11010,9,2.302585092994046,1218.4,7.106114213473716,365.52,5.904053090097013,2,0.4341204032943289,0.9107025607353907,1,3. Moderate or low damage but recurrent,Cluster 1: 3. Moderate or low damage but recurrent
11010680,창신2동,11010,5,1.791759469228055,234,5.459585514144159,67.7,4.229749199228304,2,0.38014869528014494,0.9261447562776958,2,4. Low damage and episodic,Cluster 2: 4. Low damage and episodic
11010690,창신3동,11010,0,0,0,0,0,0,0,0,0,3,5. Very low or no reported damage,Cluster 3: 5. Very low or no reported damage
11010700,숭인1동,11010,1,0.6931471805599453,58.2,4.0809215418899605,17.46,2.9156062290747062,1,0,1,2,4. Low damage and episodic,Cluster 2: 4. Low damage and episodic
11010710,숭인2동,11010,1,0.6931471805599453,704.8,6.55933191124117,211.43999999999997,5.358659595554198,1,0,1,2,4. Low damage and episodic,Cluster 2: 4. Low damage and episodic
11010720,청운효자동,11010,27,3.332204510175204,4126.26877846,8.325371154469819,1218.5016335379999,7.106197557169633,4,0.6008391962908965,0.6630766654403529,1,3. Moderate or low damage but recurrent,Cluster 1: 3. Moderate or low damage but recurrent
11010730,혜화동,11010,10,2.3978952727983707,1717,7.4489161025442,515.0999999999999,6.246300545154681,2,0.6899647466941452,0.8154338963308096,1,3. Moderate or low damage but recurrent,Cluster 1: 3. Moderate or low damage but recurrent
11020520,소공동,11020,0,0,0,0,0,0,0,0,0,3,5. Very low or no reported damage,Cluster 3: 5. Very low or no reported damage
11020540,회현동,11020,1,0.6931471805599453,231,5.44673737166631,46.2,3.8543938925915096,1,0,1,2,4. Low damage and episodic,Cluster 2: 4. Low damage and episodic
11020550,명동,11020,1,0.6931471805599453,132,4.890349128221754,26.400000000000002,3.3105430133940246,1,0,1,2,4. Low damage and episodic,Cluster 2: 4. Low damage and episodic
11020570,필동,11020,4,1.6094379124341003,70917.4,11.169285199301951,21269.62,9.96508205680566,2,0.006494428361411596,0.9994734273578936,4,2. High damage but concentrated,Cluster 4: 2. High damage but concentrated
11020580,장충동,11020,1,0.6931471805599453,29,3.4011973816621555,5.800000000000001,1.916922612182061,1,0,1,2,4. Low damage and episodic,Cluster 2: 4. Low damage and episodic
11020590,광희동,11020,1,0.6931471805599453,28.35102197,3.3793273657701146,5.670204394000001,1.8976505032361324,1,0,1,2,4. Low damage and episodic,Cluster 2: 4. Low damage and episodic
11020600,을지로동,11020,1,0.6931471805599453,59.5,4.102643365036796,17.849999999999998,2.9365129138940196,1,0,1,2,4. Low damage and episodic,Cluster 2: 4. Low damage and episodic
11020650,신당5동,11020,0,0,0,0,0,0,0,0,0,3,5. Very low or no reported damage,Cluster 3: 5. Very low or no reported damage
11020670,황학동,11020,1,0.6931471805599453,49,3.912023005428146,9.8,2.379546134130174,1,0,1,2,4. Low damage and episodic,Cluster 2: 4. Low damage and episodic
11020680,중림동,11020,4,1.6094379124341003,906.4,6.810583367229864,271.92,5.609178711947223,1,0,1,2,4. Low damage and episodic,Cluster 2: 4. Low damage and episodic
11020690,신당동,11020,12,2.5649493574615367,1121,7.022868086082641,358.3,5.884157694119473,4,0.848536577827328,0.49706949483672896,1,3. Moderate or low damage but recurrent,Cluster 1: 3. Moderate or low damage but recurrent
11020700,다산동,11020,11,2.4849066497880004,2883,7.96693349840484,848.4,6.744530217879171,4,0.7163543777255031,0.5028288543140028,1,3. Moderate or low damage but recurrent,Cluster 1: 3. Moderate or low damage but recurrent
11020710,약수동,11020,3,1.3862943611198906,533,6.280395838960195,139,4.941642422609304,3,0.7399244346032917,0.6992805755395683,1,3. Moderate or low damage but recurrent,Cluster 1: 3. Moderate or low damage but recurrent
11020720,청구동,11020,1,0.6931471805599453,47,3.871201010907891,14.1,2.714694743820879,1,0,1,2,4. Low damage and episodic,Cluster 2: 4. Low damage and episodic
11020730,동화동,11020,3,1.3862943611198906,555.6,6.3218468490917905,151.42,5.026639868237972,2,0.7250343219953282,0.7984414212125215,1,3. Moderate or low damage but recurrent,Cluster 1: 3. Moderate or low damage but recurrent
11030510,후암동,11030,26,3.295836866004329,5198.73,8.556361980144546,1559.619,7.3528378164131105,3,0.8647170940250498,0.5819171220663508,1,3. Moderate or low damage but recurrent,Cluster 1: 3. Moderate or low damage but recurrent
11030520,용산2가동,11030,25,3.258096538021482,4380.6,8.385169233469512,1314.18,7.181728817373639,3,0.7469848333838212,0.6705953522348537,1,3. Moderate or low damage but recurrent,Cluster 1: 3. Moderate or low damage but recurrent
11030530,남영동,11030,24,3.2188758248682006,117127.33,11.671025450299853,34557.598,10.450411654965494,4,0.050877622290644,0.9884378827486794,4,2. High damage but concentrated,Cluster 4: 2. High damage but concentrated
11030570,원효로2동,11030,12,2.5649493574615367,1625.5,7.394185745913406,487.65,6.191646486784845,3,0.7689272821769656,0.5227130113811136,1,3. Moderate or low damage but recurrent,Cluster 1: 3. Moderate or low damage but recurrent
11030580,효창동,11030,9,2.302585092994046,9004.11,9.105547472971317,2701.233,7.901833747222772,3,0.3395807419703055,0.9013128449119345,4,2. High damage but concentrated,Cluster 4: 2. High damage but concentrated
11030590,용문동,11030,22,3.1354942159291497,2447.15,7.803087916264815,734.145,6.600067758667476,3,0.7756172388207149,0.6482030116666326,1,3. Moderate or low damage but recurrent,Cluster 1: 3. Moderate or low damage but recurrent
11030630,이촌1동,11030,1,0.6931471805599453,589.09685311,6.380286681240905,117.81937062200001,4.777604446010688,1,0,1,2,4. Low damage and episodic,Cluster 2: 4. Low damage and episodic
11030640,이촌2동,11030,2,1.0986122886681098,12309.37,9.418197275591139,3692.811,8.21441399540045,1,0,1,4,2. High damage but concentrated,Cluster 4: 2. High damage but concentrated
11030650,이태원1동,11030,25,3.258096538021482,3482.58,8.155815779614827,1033.49,6.941663830633319,5,0.6198901101370654,0.6623053924082478,1,3. Moderate or low damage but recurrent,Cluster 1: 3. Moderate or low damage but recurrent
11030660,이태원2동,11030,15,2.772588722239781,2171.22,7.683504965058866,643.3829999999999,6.468293269825098,4,0.7553684591663621,0.5808142272954058,1,3. Moderate or low damage but recurrent,Cluster 1: 3. Moderate or low damage but recurrent
11030690,서빙고동,11030,14,2.70805020110221,2346.61,7.761153068344557,657.3259999999999,6.489700249364565,3,0.7874683953530361,0.6656742620860882,1,3. Moderate or low damage but recurrent,Cluster 1: 3. Moderate or low damage but recurrent
11030700,보광동,11030,67,4.219507705176107,10972.33,9.303223062356142,3133.558,8.050243454291435,4,0.8343184621388297,0.4531337859391784,5,1. High damage and recurrent,Cluster 5: 1. High damage and recurrent
11030710,청파동,11030,35,3.58351893845611,6093.6,8.715158412198212,1790.348,7.490723688043589,5,0.5734145943762364,0.6168091343135524,1,3. Moderate or low damage but recurrent,Cluster 1: 3. Moderate or low damage but recurrent
11030720,원효로1동,11030,11,2.4849066497880004,2415.46,7.7900589382824235,701.638,6.554841823196978,3,0.38586772016306176,0.888928478788207,1,3. Moderate or low damage but recurrent,Cluster 1: 3. Moderate or low damage but recurrent
11030730,한강로동,11030,34,3.5553480614894135,15940.12,9.676657213363923,4660.142,8.447015761474004,3,0.5557633488570027,0.7526596829023665,1,3. Moderate or low damage but recurrent,Cluster 1: 3. Moderate or low damage but recurrent
11030740,한남동,11030,37,3.6375861597263857,9952.89,9.205718708523603,2985.8669999999997,8.001980290944237,3,0.7174252736738168,0.7002860475701027,1,3. Moderate or low damage but recurrent,Cluster 1: 3. Moderate or low damage but recurrent
11040520,왕십리2동,11040,6,1.9459101490553132,780,6.660575149839686,279.6,5.6369301676683605,3,0.8363189151802122,0.47210300429184543,1,3. Moderate or low damage but recurrent,Cluster 1: 3. Moderate or low damage but recurrent
11040540,마장동,11040,11,2.4849066497880004,1564.6,7.356024416081866,469.38,6.1535408786737404,3,0.8584595526670551,0.49399207465166817,1,3. Moderate or low damage but recurrent,Cluster 1: 3. Moderate or low damage but recurrent
11040550,사근동,11040,12,2.5649493574615367,1879,7.539027055823995,615.6999999999999,6.424382681997447,3,0.853030691143786,0.5950950138054247,1,3. Moderate or low damage but recurrent,Cluster 1: 3. Moderate or low damage but recurrent
11040560,행당1동,11040,33,3.5263605246161616,3624,8.195609567288775,1233.6,7.118502309959795,3,0.7045710133809221,0.6921206225680934,1,3. Moderate or low damage but recurrent,Cluster 1: 3. Moderate or low damage but recurrent
11040570,행당2동,11040,2,1.0986122886681098,139.93,4.9482633132034195,41.979,3.7607116243080476,2,0.799137507288165,0.757521617951833,1,3. Moderate or low damage but recurrent,Cluster 1: 3. Moderate or low damage but recurrent
11040580,응봉동,11040,3,1.3862943611198906,495,6.206575926724928,174.9,5.169915651743512,1,0,1,2,4. Low damage and episodic,Cluster 2: 4. Low damage and episodic
11040590,금호1가동,11040,3,1.3862943611198906,179.20000000000002,5.194067345174238,53.76,4.002960000420248,3,0.939817719958583,0.42633928571428575,1,3. Moderate or low damage but recurrent,Cluster 1: 3. Moderate or low damage but recurrent
11040620,금호4가동,11040,5,1.791759469228055,561.4,6.332213340496455,181.24,5.205324499698872,3,0.9731278490717772,0.4094018980357536,1,3. Moderate or low damage but recurrent,Cluster 1: 3. Moderate or low damage but recurrent
11040650,성수1가1동,11040,4,1.6094379124341003,639,6.461468176353717,158.7,5.073297055220967,3,0.6329265613968869,0.771266540642722,1,3. Moderate or low damage but recurrent,Cluster 1: 3. Moderate or low damage but recurrent
11040660,성수1가2동,11040,5,1.791759469228055,665.1,6.501439809419134,249.95,5.525253716100942,3,0.8793947671988264,0.5043008601720345,1,3. Moderate or low damage but recurrent,Cluster 1: 3. Moderate or low damage but recurrent
11040670,성수2가1동,11040,23,3.1780538303479458,3023.2,8.014401872678569,976.02,6.884507122662327,3,0.5313351646737421,0.7992868998586095,1,3. Moderate or low damage but recurrent,Cluster 1: 3. Moderate or low damage but recurrent
11040680,성수2가3동,11040,9,2.302585092994046,1684.5,7.4298175346741155,621.87,6.434337829276554,4,0.8023910347830915,0.48120989917506873,1,3. Moderate or low damage but recurrent,Cluster 1: 3. Moderate or low damage but recurrent
11040690,송정동,11040,10,2.3978952727983707,1248.3,7.130338673437784,416.09,6.0333020258495615,4,0.6780220533139573,0.689970919752938,1,3. Moderate or low damage but recurrent,Cluster 1: 3. Moderate or low damage but recurrent
11040700,용답동,11040,66,4.204692619390966,8285.2,9.022346759444773,2733.4,7.913667312361326,4,0.925052837541559,0.3299041486793005,1,3. Moderate or low damage but recurrent,Cluster 1: 3. Moderate or low damage but recurrent
11040710,왕십리도선동,11040,13,2.6390573296152584,1706.5,7.442785591444945,484.96999999999997,6.1861468936001565,3,0.9303574768527724,0.5052683671154917,1,3. Moderate or low damage but recurrent,Cluster 1: 3. Moderate or low damage but recurrent
11040720,금호2·3가동,11040,10,2.3978952727983707,1239.9,7.123592201780574,385.53,5.957209484678875,3,0.9626643021841313,0.4265815889814022,1,3. Moderate or low damage but recurrent,Cluster 1: 3. Moderate or low damage but recurrent
11040730,옥수동,11040,1,0.6931471805599453,202,5.313205979041787,101,4.624972813284271,1,0,1,2,4. Low damage and episodic,Cluster 2: 4. Low damage and episodic
11050530,화양동,11050,116,4.762173934797756,17594.3,9.775387099908711,6045.2699999999995,8.707196831967158,1,0,1,4,2. High damage but concentrated,Cluster 4: 2. High damage but concentrated
11050540,군자동,11050,24,3.2188758248682006,3765.5,8.23390146726575,1245.73,7.12827940258912,1,0,1,4,2. High damage but concentrated,Cluster 4: 2. High damage but concentrated
11050550,중곡1동,11050,44,3.8066624897703196,9330.1,9.141108186141551,3131.79,8.04967926029841,1,0,1,4,2. High damage but concentrated,Cluster 4: 2. High damage but concentrated
11050560,중곡2동,11050,51,3.9512437185814275,8264.2,9.01980920838945,2732.52,7.913345434935323,1,0,1,4,2. High damage but concentrated,Cluster 4: 2. High damage but concentrated
11050570,중곡3동,11050,34,3.5553480614894135,4990.7,8.515531812089572,1644.6499999999999,7.40589072193161,1,0,1,4,2. High damage but concentrated,Cluster 4: 2. High damage but concentrated
11050580,중곡4동,11050,38,3.6635616461296463,7440.4,8.91481428216801,2403.5,7.785097260717717,1,0,1,4,2. High damage but concentrated,Cluster 4: 2. High damage but concentrated
11050590,능동,11050,74,4.31748811353631,15547.3,9.65170658687215,5008.13,8.519017526304925,1,0,1,4,2. High damage but concentrated,Cluster 4: 2. High damage but concentrated
11050600,구의1동,11050,146,4.990432586778736,26793.36924426,10.195947041598139,9468.243848852,9.155804335986057,2,0.043854078191277956,0.9952035615498531,4,2. High damage but concentrated,Cluster 4: 2. High damage but concentrated
11050610,구의2동,11050,84,4.442651256490317,20346.3,9.92070350393554,7532.65,8.927134931107036,2,0.07101567632808332,0.9914505519305955,4,2. High damage but concentrated,Cluster 4: 2. High damage but concentrated
11050620,구의3동,11050,23,3.1780538303479458,6883,8.83695515733143,2361.34,7.767407932206741,1,0,1,4,2. High damage but concentrated,Cluster 4: 2. High damage but concentrated
11050630,광장동,11050,23,3.1780538303479458,4712,8.45807992692373,1569.2,7.358958278764155,1,0,1,4,2. High damage but concentrated,Cluster 4: 2. High damage but concentrated
11050640,자양1동,11050,262,5.572154032177765,42169.3,10.64947146077743,15934.369999999999,9.676296445910394,2,0.01650308693855854,0.9984712291731647,4,2. High damage but concentrated,Cluster 4: 2. High damage but concentrated
11050650,자양2동,11050,41,3.7376696182833684,7604.2,8.936587502835431,2400.18,7.783715562174251,1,0,1,4,2. High damage but concentrated,Cluster 4: 2. High damage but concentrated
11050660,자양3동,11050,35,3.58351893845611,9565.6,9.166033144414207,3837.82,8.252920306691347,1,0,1,4,2. High damage but concentrated,Cluster 4: 2. High damage but concentrated
11050670,자양4동,11050,30,3.4339872044851463,7412,8.910990494656719,2270.96,7.728398174052258,1,0,1,4,2. High damage but concentrated,Cluster 4: 2. High damage but concentrated
11060710,회기동,11060,17,2.8903717578961645,3076,8.031710375322042,873.8,6.773995288802613,3,0.4558206601042358,0.8469901579308766,1,3. Moderate or low damage but recurrent,Cluster 1: 3. Moderate or low damage but recurrent
11060720,휘경1동,11060,10,2.3978952727983707,1067,6.97354301952014,340.5,5.833347679010845,2,0.6092888185893686,0.8502202643171806,1,3. Moderate or low damage but recurrent,Cluster 1: 3. Moderate or low damage but recurrent
11060730,휘경2동,11060,54,4.007333185232471,48733.2,10.794136321329304,22865.8,10.037441355932657,4,0.6266361932548629,0.5153854227711254,5,1. High damage and recurrent,Cluster 5: 1. High damage and recurrent
11060800,청량리동,11060,1,0.6931471805599453,211.6,5.359412465907847,63.48,4.166355098198373,1,0,1,2,4. Low damage and episodic,Cluster 2: 4. Low damage and episodic
11060810,용신동,11060,85,4.454347296253507,42442.90606124,10.655938625750998,12700.451818372,9.449471582320305,4,0.39253362288148935,0.7945213402095707,4,2. High damage but concentrated,Cluster 4: 2. High damage but concentrated
11060820,제기동,11060,30,3.4339872044851463,5837.5,8.67222919351577,1729.6499999999999,7.456252339469137,3,0.23383653687128086,0.9365016043708265,4,2. High damage but concentrated,Cluster 4: 2. High damage but concentrated
11060830,전농1동,11060,30,3.4339872044851463,5646.8,8.639021367781229,1653.84,7.4114596064005065,4,0.5942504226023904,0.6874183717892903,1,3. Moderate or low damage but recurrent,Cluster 1: 3. Moderate or low damage but recurrent
11060840,전농2동,11060,11,2.4849066497880004,1687,7.431299675155903,572.3,6.351409139914337,2,0.9826021168486309,0.5774943211602307,1,3. Moderate or low damage but recurrent,Cluster 1: 3. Moderate or low damage but recurrent
11060860,답십리2동,11060,11,2.4849066497880004,26205,10.17374367116453,7861.5,8.969859901008697,3,0.11968918500097869,0.9742415569547797,4,2. High damage but concentrated,Cluster 4: 2. High damage but concentrated
11060870,장안1동,11060,19,2.995732273553991,5609,8.632305998516742,1802.02,7.4972183157652,4,0.5791207619675185,0.6887437431327066,1,3. Moderate or low damage but recurrent,Cluster 1: 3. Moderate or low damage but recurrent
11060880,장안2동,11060,34,3.5553480614894135,7403.09,8.909787829211082,2329.768,7.753953105982979,4,0.4640543833958469,0.7372965891882797,1,3. Moderate or low damage but recurrent,Cluster 1: 3. Moderate or low damage but recurrent
11060890,이문1동,11060,91,4.5217885770490405,12834.01,9.459931872424532,3989.102,8.291572073466932,3,0.3465494224765287,0.8911278779033477,4,2. High damage but concentrated,Cluster 4: 2. High damage but concentrated
11060900,이문2동,11060,17,2.8903717578961645,2015,7.60887062919126,604.5,6.406054562993147,2,0.20802202651444351,0.9672456575682383,1,3. Moderate or low damage but recurrent,Cluster 1: 3. Moderate or low damage but recurrent
11060910,답십리1동,11060,22,3.1354942159291497,7803.06,8.962399390078387,1999.372,7.601088442246227,5,0.8215310223238109,0.45338236206168736,5,1. High damage and recurrent,Cluster 5: 1. High damage and recurrent
11070520,면목2동,11070,2,1.0986122886681098,150.16,5.018338878481289,2.9532,1.3745253775198918,1,0,1,2,4. Low damage and episodic,Cluster 2: 4. Low damage and episodic
11070540,면목4동,11070,3,1.3862943611198906,69.39,4.25405120762004,0.6939,0.5270335626101991,1,0,1,2,4. Low damage and episodic,Cluster 2: 4. Low damage and episodic
11070550,면목5동,11070,0,0,0,0,0,0,0,0,0,3,5. Very low or no reported damage,Cluster 3: 5. Very low or no reported damage
11070570,면목7동,11070,4,1.6094379124341003,200,5.303304908059076,2,1.0986122886681098,1,0,1,2,4. Low damage and episodic,Cluster 2: 4. Low damage and episodic
11070590,상봉1동,11070,2,1.0986122886681098,107.12,4.683241721408247,1.0712000000000002,0.7281281494551909,1,0,1,2,4. Low damage and episodic,Cluster 2: 4. Low damage and episodic
11070600,상봉2동,11070,1,0.6931471805599453,301.94423023,5.713548729921633,60.388846046000005,4.1172281581622325,1,0,1,2,4. Low damage and episodic,Cluster 2: 4. Low damage and episodic
11070610,중화1동,11070,1,0.6931471805599453,81.02,4.406963119963913,1.6204,0.9633269778755843,1,0,1,2,4. Low damage and episodic,Cluster 2: 4. Low damage and episodic
11070620,중화2동,11070,2,1.0986122886681098,70.4,4.268297869345539,0.704,0.532978428407124,1,0,1,2,4. Low damage and episodic,Cluster 2: 4. Low damage and episodic
11070640,묵1동,11070,1,0.6931471805599453,99.36,4.608763721498222,1.9872,1.094336493805321,1,0,1,2,4. Low damage and episodic,Cluster 2: 4. Low damage and episodic
11070650,묵2동,11070,1,0.6931471805599453,73.79,4.314684186203576,0.7379000000000001,0.5526774877885512,1,0,1,2,4. Low damage and episodic,Cluster 2: 4. Low damage and episodic
11070680,망우3동,11070,3,1.3862943611198906,195.74,5.281883060084612,28.348,3.3792244008517476,1,0,1,2,4. Low damage and episodic,Cluster 2: 4. Low damage and episodic
11070690,신내1동,11070,3,1.3862943611198906,211.58,5.359318388105436,2.1158,1.1364859410961912,1,0,1,2,4. Low damage and episodic,Cluster 2: 4. Low damage and episodic
11070700,신내2동,11070,1,0.6931471805599453,10,2.3978952727983707,0.1,0.09531017980432487,1,0,1,2,4. Low damage and episodic,Cluster 2: 4. Low damage and episodic
11070710,면목본동,11070,3,1.3862943611198906,153.88,5.042650623528266,18.2588,2.957968099132974,2,0.22402680820580012,0.9639187679365566,2,4. Low damage and episodic,Cluster 2: 4. Low damage and episodic
11070720,면목3·8동,11070,4,1.6094379124341003,351.13,5.864000425598742,29.3834,3.413896406639564,1,0,1,2,4. Low damage and episodic,Cluster 2: 4. Low damage and episodic
11070730,망우본동,11070,5,1.791759469228055,1286.8799999999999,7.160752734622055,247.116,5.513896378743306,1,0,1,2,4. Low damage and episodic,Cluster 2: 4. Low damage and episodic
11080580,돈암1동,11080,4,1.6094379124341003,366.84298869,5.907656185954679,40.09729886900001,3.715942398393568,2,0.9675283063705342,0.6056841621263475,1,3. Moderate or low damage but recurrent,Cluster 1: 3. Moderate or low damage but recurrent
11080590,돈암2동,11080,0,0,0,0,0,0,0,0,0,3,5. Very low or no reported damage,Cluster 3: 5. Very low or no reported damage
11080600,안암동,11080,12,2.5649493574615367,3050.63158831,8.02343167355521,839.1431588309999,6.733572304496059,5,0.4295804579723129,0.8084675336507522,1,3. Moderate or low damage but recurrent,Cluster 1: 3. Moderate or low damage but recurrent
11080610,보문동,11080,17,2.8903717578961645,1542.34,7.341704178057268,454.31399999999996,6.120987290824728,3,0.6744452637327041,0.6630656330203339,1,3. Moderate or low damage but recurrent,Cluster 1: 3. Moderate or low damage but recurrent
11080620,정릉1동,11080,6,1.9459101490553132,982.90329363,6.891527613391272,261.290329363,5.569452017580888,3,0.9172368365673503,0.442037025563011,1,3. Moderate or low damage but recurrent,Cluster 1: 3. Moderate or low damage but recurrent
11080630,정릉2동,11080,17,2.8903717578961645,6261.95647483,8.742407632929174,2174.195647483,7.684873892343015,6,0.4853977457905371,0.6242768453571806,1,3. Moderate or low damage but recurrent,Cluster 1: 3. Moderate or low damage but recurrent
11080640,정릉3동,11080,30,3.4339872044851463,12697.75178424,9.449258982910912,2987.951178424,8.002677828401461,7,0.5510214741972904,0.6951920817848244,5,1. High damage and recurrent,Cluster 5: 1. High damage and recurrent
11080650,정릉4동,11080,4,1.6094379124341003,827.27639887,6.719346913741795,150.927639887,5.023404354121894,3,0.7674871109642754,0.677808253521968,1,3. Moderate or low damage but recurrent,Cluster 1: 3. Moderate or low damage but recurrent
11080660,길음1동,11080,0,0,0,0,0,0,0,0,0,3,5. Very low or no reported damage,Cluster 3: 5. Very low or no reported damage
11080680,길음2동,11080,13,2.6390573296152584,2056.97565124,7.629478085050924,707.9875651240001,6.5638379877661945,3,0.4676087887603842,0.831582402011374,1,3. Moderate or low damage but recurrent,Cluster 1: 3. Moderate or low damage but recurrent
11080710,월곡1동,11080,17,2.8903717578961645,1747.65008033,7.46659938658029,415.965008033,6.0330023046879315,4,0.4891481290541627,0.799105678556571,1,3. Moderate or low damage but recurrent,Cluster 1: 3. Moderate or low damage but recurrent
11080720,월곡2동,11080,32,3.4965075614664802,3046.2124796,8.021982510587879,721.72624796,6.583030516932021,7,0.5907808146995339,0.6800362344964922,5,1. High damage and recurrent,Cluster 5: 1. High damage and recurrent
11080760,장위1동,11080,29,3.4011973816621555,5564.17986106,8.624284583234084,1658.271986106,7.414134222567144,7,0.4347639908716055,0.7729130147158328,5,1. High damage and recurrent,Cluster 5: 1. High damage and recurrent
11080770,장위2동,11080,66,4.204692619390966,9519.467314630001,9.16119921425187,2158.197731463,7.677492011065507,7,0.620269904161509,0.6308504453283184,5,1. High damage and recurrent,Cluster 5: 1. High damage and recurrent
11080780,장위3동,11080,33,3.5263605246161616,4575.66090012,8.428724950104767,1357.699090012,7.214282969481029,7,0.4308149647029238,0.7654126069943931,5,1. High damage and recurrent,Cluster 5: 1. High damage and recurrent
11080810,성북동,11080,12,2.5649493574615367,2445.29,7.802327870135109,819.129,6.709461644958436,4,0.4385507519725349,0.7919387544574786,1,3. Moderate or low damage but recurrent,Cluster 1: 3. Moderate or low damage but recurrent
11080820,삼선동,11080,42,3.7612001156935624,8087.85451464,8.998242407275793,1529.402866849,7.333286291392062,6,0.8133045252016963,0.42217130227450256,5,1. High damage and recurrent,Cluster 5: 1. High damage and recurrent
11080830,동선동,11080,27,3.332204510175204,8061.96700394,8.99503688239586,2309.804700394,7.74535109800319,5,0.27475617521009543,0.8984049602314985,4,2. High damage but concentrated,Cluster 4: 2. High damage but concentrated
11080840,종암동,11080,21,3.091042453358316,3357.43,8.119228881851626,1025.96,6.934358260776671,4,0.356989529681783,0.8681625014620453,1,3. Moderate or low damage but recurrent,Cluster 1: 3. Moderate or low damage but recurrent
11080850,석관동,11080,35,3.58351893845611,3792.09772845,8.24093830683285,1030.109772845,6.938390950555792,5,0.6802177684295134,0.5216919731921252,1,3. Moderate or low damage but recurrent,Cluster 1: 3. Moderate or low damage but recurrent
11090600,번1동,11090,75,4.330733340286331,9322.2005386,9.140261254158672,3195.21666158,8.069723096071531,5,0.8216506258000505,0.49490853594198664,5,1. High damage and recurrent,Cluster 5: 1. High damage and recurrent
11090610,번2동,11090,15,2.772588722239781,2397.21871866,7.78248154021051,813.382615598,6.702430299298777,5,0.8100738691176217,0.4963838570648113,1,3. Moderate or low damage but recurrent,Cluster 1: 3. Moderate or low damage but recurrent
11090620,번3동,11090,1,0.6931471805599453,238.75912532,5.479634774853605,71.627737596,4.285346909415167,1,0,1,2,4. Low damage and episodic,Cluster 2: 4. Low damage and episodic
11090630,수유1동,11090,32,3.4965075614664802,7851.31690124,8.968563913884026,2442.85662924,7.801332656230358,7,0.566270453218727,0.6840270444032814,5,1. High damage and recurrent,Cluster 5: 1. High damage and recurrent
11090640,수유2동,11090,62,4.143134726391533,11578.45793299,9.35698793940871,3057.431379897,8.025657442562697,6,0.8747073916875531,0.3303596628991317,5,1. High damage and recurrent,Cluster 5: 1. High damage and recurrent
11090650,수유3동,11090,109,4.700480365792417,19788.3547295,9.892899432178217,5415.27841885,8.59716422000089,5,0.8287475803776222,0.44874701022594127,5,1. High damage and recurrent,Cluster 5: 1. High damage and recurrent
11090690,삼양동,11090,38,3.6635616461296463,13102.10286804,9.48060434129803,2529.130860412,7.836026303866957,5,0.6807793741805628,0.48853937110977397,5,1. High damage and recurrent,Cluster 5: 1. High damage and recurrent
11090700,미아동,11090,36,3.6109179126442243,4491.79301823,8.4102298403994,1468.821905469,7.292896519691019,5,0.6412250009758568,0.5213702200032736,1,3. Moderate or low damage but recurrent,Cluster 1: 3. Moderate or low damage but recurrent
11090710,송중동,11090,67,4.219507705176107,72265.57776962,11.188117029753577,9495.628200324,9.158692088305708,9,0.39471552501164725,0.7721566014715932,5,1. High damage and recurrent,Cluster 5: 1. High damage and recurrent
11090720,송천동,11090,108,4.6913478822291435,15292.51001141,9.635183835128998,4109.093502078,8.321201057128828,7,0.6530539390939564,0.46180258469182417,5,1. High damage and recurrent,Cluster 5: 1. High damage and recurrent
11090730,삼각산동,11090,3,1.3862943611198906,344.4,5.844703165712578,55.08,4.0267792427263345,2,0.9998767366286201,0.5065359477124183,1,3. Moderate or low damage but recurrent,Cluster 1: 3. Moderate or low damage but recurrent
11090740,우이동,11090,99,4.605170185988092,195355.04917537,12.18257906583624,9462.071252611,9.15515226608054,5,0.7065736305281509,0.5740136440529604,5,1. High damage and recurrent,Cluster 5: 1. High damage and recurrent
11090750,인수동,11090,99,4.605170185988092,2831215.89892655,14.856217176816767,847584.7020327479,13.650147236466598,6,0.021768616810731386,0.9948815938041006,4,2. High damage but concentrated,Cluster 4: 2. High damage but concentrated
11100510,쌍문1동,11100,32,3.4965075614664802,6047.54240307,8.707572596885374,1726.6997209209999,7.454546161648628,4,0.9177388289261114,0.3767109666144205,1,3. Moderate or low damage but recurrent,Cluster 1: 3. Moderate or low damage but recurrent
11100520,쌍문2동,11100,60,4.110873864173311,12831.86341325,9.459764613787991,3499.505023975,8.16066252963262,5,0.710724845709971,0.6340559549989238,5,1. High damage and recurrent,Cluster 5: 1. High damage and recurrent
11100530,쌍문3동,11100,18,2.9444389791664403,3671.19161993,8.208543934455637,987.163485979,6.89584815569761,3,0.7299270695635016,0.710014106027125,1,3. Moderate or low damage but recurrent,Cluster 1: 3. Moderate or low damage but recurrent
11100540,쌍문4동,11100,12,2.5649493574615367,4317.39875315,8.370639953534077,1222.164625945,7.109196734923464,4,0.8891847815622279,0.37846671072430116,1,3. Moderate or low damage but recurrent,Cluster 1: 3. Moderate or low damage but recurrent
11100550,방학1동,11100,103,4.6443908991413725,30371.82637313,10.321303618349985,8862.547911939,9.08970240497192,4,0.6531811965300074,0.6197230248652452,5,1. High damage and recurrent,Cluster 5: 1. High damage and recurrent
11100560,방학2동,11100,67,4.219507705176107,23643.528944,10.07088703286642,6901.8446832,8.839688878551755,5,0.4289620183622377,0.7975602542026209,4,2. High damage but concentrated,Cluster 4: 2. High damage but concentrated
11100570,방학3동,11100,7,2.0794415416798357,2184.1936531399997,7.689459732041781,592.699095942,6.386372618523239,4,0.9537976514754335,0.33394854379762545,1,3. Moderate or low damage but recurrent,Cluster 1: 3. Moderate or low damage but recurrent
11100590,창1동,11100,18,2.9444389791664403,2745.11412833,7.917942147128493,697.8212384990001,6.549394970612875,2,0.2834872136883971,0.9506833031149576,1,3. Moderate or low damage but recurrent,Cluster 1: 3. Moderate or low damage but recurrent
11100600,창2동,11100,16,2.833213344056216,4035.0445771600002,8.30302042629853,1053.345373148,6.960675353934969,5,0.6799787552435465,0.6544149882577465,1,3. Moderate or low damage but recurrent,Cluster 1: 3. Moderate or low damage but recurrent
11100610,창3동,11100,17,2.8903717578961645,2329.25,7.7537308369412665,632.454,6.451187384654378,3,0.6358395075644044,0.7557893538502406,1,3. Moderate or low damage but recurrent,Cluster 1: 3. Moderate or low damage but recurrent
11100620,창4동,11100,0,0,0,0,0,0,0,0,0,3,5. Very low or no reported damage,Cluster 3: 5. Very low or no reported damage
11100630,창5동,11100,9,2.302585092994046,2757.19917223,7.9223332719278,780.755751669,6.661542353738452,3,0.6167269068964745,0.7721326403440648,1,3. Moderate or low damage but recurrent,Cluster 1: 3. Moderate or low damage but recurrent
11100640,도봉1동,11100,99,4.605170185988092,231661.87781895,12.353038481006735,69204.17234568499,11.144830883692343,6,0.12958397914828557,0.9551224262870813,4,2. High damage but concentrated,Cluster 4: 2. High damage but concentrated
11100650,도봉2동,11100,15,2.772588722239781,3177.87002428,8.064281074349887,902.3560072839999,6.806116725205021,3,0.8631624817960324,0.453270102596293,1,3. Moderate or low damage but recurrent,Cluster 1: 3. Moderate or low damage but recurrent
11110510,월계1동,11110,20,3.044522437723423,3086.83522254,8.035225549144515,827.017783381,6.719034631667906,5,0.9286609374932,0.3058492676504774,1,3. Moderate or low damage but recurrent,Cluster 1: 3. Moderate or low damage but recurrent
11110520,월계2동,11110,16,2.833213344056216,1662.14652853,7.4164665862735015,616.9894792795,6.426471433493204,4,0.6672124976585458,0.699404146248848,1,3. Moderate or low damage but recurrent,Cluster 1: 3. Moderate or low damage but recurrent
11110530,월계3동,11110,1,0.6931471805599453,32,3.4965075614664802,16,2.833213344056216,1,0,1,2,4. Low damage and episodic,Cluster 2: 4. Low damage and episodic
11110560,공릉2동,11110,9,2.302585092994046,1911.27,7.556046297030796,598.155,6.395520329249342,3,0.859554325308275,0.5145823406976453,1,3. Moderate or low damage but recurrent,Cluster 1: 3. Moderate or low damage but recurrent
11110580,하계1동,11110,1,0.6931471805599453,84.39,4.447228997919515,42.195,3.7657247478108475,1,0,1,2,4. Low damage and episodic,Cluster 2: 4. Low damage and episodic
11110590,하계2동,11110,0,0,0,0,0,0,0,0,0,3,5. Very low or no reported damage,Cluster 3: 5. Very low or no reported damage
11110600,중계본동,11110,12,2.5649493574615367,2775.42,7.928917607012456,779.884,6.660426611279571,3,0.6870947186382486,0.5289248144595863,1,3. Moderate or low damage but recurrent,Cluster 1: 3. Moderate or low damage but recurrent
11110610,중계1동,11110,0,0,0,0,0,0,0,0,0,3,5. Very low or no reported damage,Cluster 3: 5. Very low or no reported damage
11110640,중계4동,11110,3,1.3862943611198906,349.25,5.858647185217117,128.02499999999998,4.86000618403479,2,0.993889302932232,0.5459871118922086,1,3. Moderate or low damage but recurrent,Cluster 1: 3. Moderate or low damage but recurrent
11110650,상계1동,11110,43,3.784189633918261,5905.781795,8.683856426553833,1653.59676925,7.411312614167448,6,0.6168607595596105,0.6677613433538704,1,3. Moderate or low damage but recurrent,Cluster 1: 3. Moderate or low damage but recurrent
11110660,상계2동,11110,78,4.3694478524670215,7837.16,8.966759391921984,2504.779,7.826354943219227,5,0.5465207825385291,0.6868605972822353,1,3. Moderate or low damage but recurrent,Cluster 1: 3. Moderate or low damage but recurrent
11110690,상계5동,11110,18,2.9444389791664403,1852.18,7.524658361340938,626.221,6.441298950618541,3,0.9250144227074707,0.5310920585544081,1,3. Moderate or low damage but recurrent,Cluster 1: 3. Moderate or low damage but recurrent
11110720,상계8동,11110,1,0.6931471805599453,653.96462521,6.484581226863828,98.0946937815,4.596075895820671,1,0,1,2,4. Low damage and episodic,Cluster 2: 4. Low damage and episodic
11110730,상계9동,11110,0,0,0,0,0,0,0,0,0,3,5. Very low or no reported damage,Cluster 3: 5. Very low or no reported damage
11110740,상계10동,11110,0,0,0,0,0,0,0,0,0,3,5. Very low or no reported damage,Cluster 3: 5. Very low or no reported damage
11110760,상계3·4동,11110,44,3.8066624897703196,1716937.48128344,14.356053310049287,345918.87669251603,12.753962456970486,6,0.05416919308269232,0.9833641842632623,4,2. High damage but concentrated,Cluster 4: 2. High damage but concentrated
11110770,상계6·7동,11110,0,0,0,0,0,0,0,0,0,3,5. Very low or no reported damage,Cluster 3: 5. Very low or no reported damage
11110780,중계2·3동,11110,0,0,0,0,0,0,0,0,0,3,5. Very low or no reported damage,Cluster 3: 5. Very low or no reported damage
11110790,공릉1동,11110,17,2.8903717578961645,2778.15,7.929900404536288,927.306,6.83336141981277,3,0.6449916169391575,0.7641016018444828,1,3. Moderate or low damage but recurrent,Cluster 1: 3. Moderate or low damage but recurrent
11120510,녹번동,11120,100,4.61512051684126,29598.215130099998,10.295503124085599,5492.247167536,8.611274829150975,8,0.6468970100613675,0.514308608814351,5,1. High damage and recurrent,Cluster 5: 1. High damage and recurrent
11120520,불광1동,11120,254,5.541263545158426,54756.14522526,10.91066314556097,12244.144404511,9.412884762253523,6,0.7995455128604205,0.4190160480392422,5,1. High damage and recurrent,Cluster 5: 1. High damage and recurrent
11120550,갈현1동,11120,123,4.820281565605037,25617.09736746,10.151054309127867,3566.540736746,8.179631768135412,5,0.6275675663533958,0.5717166541062324,5,1. High damage and recurrent,Cluster 5: 1. High damage and recurrent
11120560,갈현2동,11120,71,4.276666119016055,14418.14488621,9.576312108540371,2210.256021546,7.701315968611497,6,0.7322140075430725,0.4646113145651385,5,1. High damage and recurrent,Cluster 5: 1. High damage and recurrent
11120570,구산동,11120,48,3.8918202981106265,8987.07753048,9.103654259267126,1628.2261644540001,7.395860435339631,6,0.9273616305652289,0.2977622840280166,5,1. High damage and recurrent,Cluster 5: 1. High damage and recurrent
11120580,대조동,11120,119,4.787491742782046,29832.58715853,10.303390123665794,8136.842715852999,9.004280401249403,5,0.8247030974901896,0.3404503560825676,5,1. High damage and recurrent,Cluster 5: 1. High damage and recurrent
11120590,응암1동,11120,50,3.9318256327243257,88784.80856345,11.393982102734066,9957.061017793001,9.206137654698217,6,0.382292620375886,0.8334249112331311,5,1. High damage and recurrent,Cluster 5: 1. High damage and recurrent
11120600,응암2동,11120,30,3.4339872044851463,4584.11698392,8.430570898851444,996.137698392,6.904888873155344,5,0.7859999306735466,0.5351669762730077,1,3. Moderate or low damage but recurrent,Cluster 1: 3. Moderate or low damage but recurrent
11120650,신사1동,11120,33,3.5263605246161616,7044.19972048,8.8601017731829,1705.3050219919999,7.442085505734655,4,0.5516399293595629,0.7695690700934068,1,3. Moderate or low damage but recurrent,Cluster 1: 3. Moderate or low damage but recurrent
11120660,신사2동,11120,35,3.58351893845611,6193.36992508,8.731396081881856,1451.609992508,7.281117212198387,6,0.7346465574829177,0.5537231103040717,1,3. Moderate or low damage but recurrent,Cluster 1: 3. Moderate or low damage but recurrent
11120670,증산동,11120,63,4.1588830833596715,15279.14810968,9.63430975571542,2616.393601022,7.869934292834254,5,0.781072489707968,0.3730233939315438,5,1. High damage and recurrent,Cluster 5: 1. High damage and recurrent
11120680,수색동,11120,29,3.4011973816621555,5698.73085181,8.648174233727088,1544.7544834809999,7.343267408955901,4,0.7540724838799536,0.4655108677073114,1,3. Moderate or low damage but recurrent,Cluster 1: 3. Moderate or low damage but recurrent
11120710,진관동,11120,19,2.995732273553991,45631.13546556,10.728367472422262,7813.911546556,8.963788924372585,4,0.7802916496536134,0.5245953931749722,5,1. High damage and recurrent,Cluster 5: 1. High damage and recurrent
11120720,불광2동,11120,147,4.997212273764115,25886.60479191,10.161519553668994,4508.546479191,8.413951868502641,6,0.8187152105108306,0.3469715764074146,5,1. High damage and recurrent,Cluster 5: 1. High damage and recurrent
11120730,응암3동,11120,359,5.886104031450156,65467.35658107,11.089322199257701,13714.987658107,9.526317413765186,5,0.870924578795824,0.4316700931553846,5,1. High damage and recurrent,Cluster 5: 1. High damage and recurrent
11120740,역촌동,11120,130,4.875197323201151,26056.15907139,10.168047829824152,5227.6619071390005,8.561910674828491,5,0.8043246795917013,0.48473678003917275,5,1. High damage and recurrent,Cluster 5: 1. High damage and recurrent
11130520,천연동,11130,4,1.6094379124341003,254.11,5.541694824693056,25.411,3.273780590037487,1,0,1,2,4. Low damage and episodic,Cluster 2: 4. Low damage and episodic
11130620,홍제1동,11130,23,3.1780538303479458,2373.54,7.772559013499007,237.354,5.473756963553232,2,0.7914349148801973,0.7621569470074235,1,3. Moderate or low damage but recurrent,Cluster 1: 3. Moderate or low damage but recurrent
11130640,홍제3동,11130,12,2.5649493574615367,1685.8799999999999,7.430635947828639,168.588,5.133371966137588,3,0.5646370923652595,0.8071689562720952,1,3. Moderate or low damage but recurrent,Cluster 1: 3. Moderate or low damage but recurrent
11130650,홍제2동,11130,1,0.6931471805599453,70.3,4.26689632742025,7.03,2.0831845279586703,1,0,1,2,4. Low damage and episodic,Cluster 2: 4. Low damage and episodic
11130660,홍은1동,11130,16,2.833213344056216,78734.93679521,11.27385496036222,8095.323355535001,8.999165330889616,4,0.15273704152823464,0.9568192226322875,4,2. High damage but concentrated,Cluster 4: 2. High damage but concentrated
11130680,홍은2동,11130,54,4.007333185232471,6802.29443899,8.825162250165494,806.7148877980001,6.694209134614641,6,0.7676405165215406,0.3939855391383146,5,1. High damage and recurrent,Cluster 5: 1. High damage and recurrent
11130690,남가좌1동,11130,0,0,0,0,0,0,0,0,0,3,5. Very low or no reported damage,Cluster 3: 5. Very low or no reported damage
11130700,남가좌2동,11130,61,4.127134385045092,5606.64,8.631885232645343,575.927,6.357715742039745,5,0.6559325987858232,0.6449428486596391,1,3. Moderate or low damage but recurrent,Cluster 1: 3. Moderate or low damage but recurrent
11130710,북가좌1동,11130,34,3.5553480614894135,4739.24784965,8.463844702277799,1338.353924825,7.199942631022383,5,0.5245084566812104,0.7482803362017629,1,3. Moderate or low damage but recurrent,Cluster 1: 3. Moderate or low damage but recurrent
11130720,북가좌2동,11130,195,5.278114659230517,25151.63541527,10.132717957921518,6826.864862519,8.82876729205459,7,0.41204997061840754,0.785024454188701,5,1. High damage and recurrent,Cluster 5: 1. High damage and recurrent
11130730,충현동,11130,27,3.332204510175204,2361.41,7.767437563404161,289.216,5.670625473320318,4,0.8762195951479831,0.47645704248727594,1,3. Moderate or low damage but recurrent,Cluster 1: 3. Moderate or low damage but recurrent
11130740,북아현동,11130,9,2.302585092994046,1262.1000000000001,7.1413242957799294,126.21000000000001,4.84583926416812,2,0.6264887217840727,0.843245384676333,1,3. Moderate or low damage but recurrent,Cluster 1: 3. Moderate or low damage but recurrent
11130750,신촌동,11130,131,4.882801922586371,15947.619999999999,9.67712758409371,1604.4750000000001,7.381174941935271,6,0.6662408031842205,0.5776842892534941,5,1. High damage and recurrent,Cluster 5: 1. High damage and recurrent
11130760,연희동,11130,74,4.31748811353631,8439,9.040737587590003,857.9670000000001,6.755730504482634,5,0.7853227635477581,0.4422885728705183,5,1. High damage and recurrent,Cluster 5: 1. High damage and recurrent
11140590,용강동,11140,3,1.3862943611198906,2348.67,7.762030171745701,1174.335,7.069308492326137,2,0.825836393116362,0.7406021280128754,1,3. Moderate or low damage but recurrent,Cluster 1: 3. Moderate or low damage but recurrent
11140600,대흥동,11140,17,2.8903717578961645,2071.9,7.636703872005466,894.611,6.797506166918043,5,0.6595476124824291,0.6499696516139417,1,3. Moderate or low damage but recurrent,Cluster 1: 3. Moderate or low damage but recurrent
11140610,염리동,11140,6,1.9459101490553132,826.9100000000001,6.718904452825285,413.45500000000004,6.026964404146209,2,0.7080953458367509,0.806810898404905,1,3. Moderate or low damage but recurrent,Cluster 1: 3. Moderate or low damage but recurrent
11140630,신수동,11140,15,2.772588722239781,3658.99,8.205215694151242,1735.9195,7.459868420895443,5,0.563741880260628,0.657150288363026,1,3. Moderate or low damage but recurrent,Cluster 1: 3. Moderate or low damage but recurrent
11140660,서교동,11140,197,5.288267030694535,39783.95,10.591243979055786,19573.276,9.881971534223538,6,0.6144755545413639,0.4975863519218755,5,1. High damage and recurrent,Cluster 5: 1. High damage and recurrent
11140680,합정동,11140,67,4.219507705176107,16310.92,9.69965140787738,8043.11,8.992695425587707,4,0.7616075038871188,0.47462237865701207,5,1. High damage and recurrent,Cluster 5: 1. High damage and recurrent
11140690,망원1동,11140,72,4.290459441148391,13267.539999999999,9.493151098665937,6492.347,8.778533393248994,4,0.3442623755903467,0.8558053043067476,4,2. High damage but concentrated,Cluster 4: 2. High damage but concentrated
11140700,망원2동,11140,29,3.4011973816621555,6363.14,8.758434387958637,3181.57,8.065444325476394,2,0.8689118753808084,0.7098523684847419,1,3. Moderate or low damage but recurrent,Cluster 1: 3. Moderate or low damage but recurrent
11140710,연남동,11140,130,4.875197323201151,24456.46575754,10.104690796250464,12137.330575754,9.404123540804475,5,0.677111076240433,0.40405219000928005,5,1. High damage and recurrent,Cluster 5: 1. High damage and recurrent
11140720,성산1동,11140,47,3.871201010907891,9423.11,9.151026578149223,4711.555,8.457985502775692,3,0.6591085889554371,0.6565995727525201,1,3. Moderate or low damage but recurrent,Cluster 1: 3. Moderate or low damage but recurrent
11140730,성산2동,11140,32,3.4965075614664802,7604.8,8.936666393112246,3793.175,8.241222274892468,3,0.5611984300713981,0.705094017544669,1,3. Moderate or low damage but recurrent,Cluster 1: 3. Moderate or low damage but recurrent
11140740,상암동,11140,10,2.3978952727983707,2205.47,7.699149232424107,1102.735,7.006455161791849,2,0.8250845427078005,0.7410982693031417,1,3. Moderate or low damage but recurrent,Cluster 1: 3. Moderate or low damage but recurrent
11140750,도화동,11140,2,1.0986122886681098,337.90999999999997,5.825734585406947,168.95499999999998,5.135533696127123,2,0.8953743538031225,0.6880826255511823,1,3. Moderate or low damage but recurrent,Cluster 1: 3. Moderate or low damage but recurrent
11140760,서강동,11140,35,3.58351893845611,5833.63,8.671566132255972,2911.415,7.976737912898723,4,0.5990902286034,0.6841157993621658,1,3. Moderate or low damage but recurrent,Cluster 1: 3. Moderate or low damage but recurrent
11140770,공덕동,11140,29,3.4011973816621555,6265.17,8.742920601689914,3002.288,8.00746296748073,5,0.3430753985333834,0.8307114440719877,4,2. High damage but concentrated,Cluster 4: 2. High damage but concentrated
11140780,아현동,11140,2,1.0986122886681098,223.51,5.413920249620124,111.755,4.725217323297542,1,0,1,2,4. Low damage and episodic,Cluster 2: 4. Low damage and episodic
11150510,목1동,11150,9,2.302585092994046,2041.05494125,7.621711903969909,808.18598825,6.696028789585098,4,0.6412573572445981,0.7232246147519126,1,3. Moderate or low damage but recurrent,Cluster 1: 3. Moderate or low damage but recurrent
11150520,목2동,11150,69,4.248495242049359,18319.4,9.815770472050897,7273.72,8.892160603326504,3,0.6604577599715545,0.5324785666756487,5,1. High damage and recurrent,Cluster 5: 1. High damage and recurrent
11150530,목3동,11150,42,3.7612001156935624,8720.24,9.073516708628166,3512.1,8.16425411755952,3,0.7332072406955146,0.49147803308561827,5,1. High damage and recurrent,Cluster 5: 1. High damage and recurrent
11150540,목4동,11150,119,4.787491742782046,25082.260000000002,10.129955970350698,10269.41,9.237022224228951,3,0.7444454615937526,0.5267011444669167,5,1. High damage and recurrent,Cluster 5: 1. High damage and recurrent
11150570,신월1동,11150,871,6.77078942390898,152291.67,11.933559409031663,57735.390699999996,10.963642941737666,3,0.6527232455295006,0.6034840948950224,5,1. High damage and recurrent,Cluster 5: 1. High damage and recurrent
11150580,신월2동,11150,180,5.198497031265826,51372.9,10.846885540377098,19235.53,9.864566354523708,3,0.6017404668368709,0.6484656258496647,5,1. High damage and recurrent,Cluster 5: 1. High damage and recurrent
11150590,신월3동,11150,58,4.07753744390572,6985.2,8.851692053642928,3040.68,8.02016527333462,2,0.9999981572100648,0.5007991633450412,5,1. High damage and recurrent,Cluster 5: 1. High damage and recurrent
11150600,신월4동,11150,82,4.418840607796598,28902.2,10.27170759461438,10944.84,9.300714754385265,2,0.9966389744017919,0.5341165334532071,5,1. High damage and recurrent,Cluster 5: 1. High damage and recurrent
11150610,신월5동,11150,189,5.247024072160486,34277.51845028,10.442274152707734,13112.694690056,9.481412359330653,4,0.6281513782731314,0.6208258632128065,5,1. High damage and recurrent,Cluster 5: 1. High damage and recurrent
11150620,신월6동,11150,16,2.833213344056216,5695.2300000000005,8.647559831490076,2227.56,7.709110915964038,4,0.6064025504277831,0.6327012515936721,1,3. Moderate or low damage but recurrent,Cluster 1: 3. Moderate or low damage but recurrent
11150630,신월7동,11150,14,2.70805020110221,3710.3,8.219137498536895,1424.23,7.2620884831873775,2,0.9878328434234113,0.5648455656740835,1,3. Moderate or low damage but recurrent,Cluster 1: 3. Moderate or low damage but recurrent
11150640,신정1동,11150,72,4.290459441148391,11150.2,9.319302394415677,5185.34,8.553783525075682,2,0.9997100309091308,0.510024414985324,5,1. High damage and recurrent,Cluster 5: 1. High damage and recurrent
11150650,신정2동,11150,17,2.8903717578961645,3036,8.01862546504575,1292.2,7.164875045851278,2,0.9989540275286309,0.5190373007274416,1,3. Moderate or low damage but recurrent,Cluster 1: 3. Moderate or low damage but recurrent
11150660,신정3동,11150,32,3.4965075614664802,8365.66238865,9.032010325134902,3443.378716595,8.144498823670125,5,0.7133126982653282,0.44126427124533807,5,1. High damage and recurrent,Cluster 5: 1. High damage and recurrent
11150690,신정6동,11150,0,0,0,0,0,0,0,0,0,3,5. Very low or no reported damage,Cluster 3: 5. Very low or no reported damage
11150700,신정7동,11150,6,1.9459101490553132,910,6.814542897259958,414.6,6.029723259225072,2,0.8975072876755935,0.6862035697057405,1,3. Moderate or low damage but recurrent,Cluster 1: 3. Moderate or low damage but recurrent
11150710,목5동,11150,0,0,0,0,0,0,0,0,0,3,5. Very low or no reported damage,Cluster 3: 5. Very low or no reported damage
11150720,신정4동,11150,320,5.771441123130016,66205.24,11.100529997301653,27647.718,10.227334640595288,4,0.36451996056749975,0.8249939470592111,4,2. High damage but concentrated,Cluster 4: 2. High damage but concentrated
11160510,염창동,11160,9,2.302585092994046,11732.46344851,9.37020016221824,3630.4517242549996,8.197387771347783,3,0.20125631142655429,0.9527078894596147,4,2. High damage but concentrated,Cluster 4: 2. High damage but concentrated
11160520,등촌1동,11160,65,4.189654742026425,18001.4,9.798260361323536,6732.78,8.814891929154673,3,0.8649702161198176,0.5959128324406857,5,1. High damage and recurrent,Cluster 5: 1. High damage and recurrent
11160530,등촌2동,11160,37,3.6375861597263857,22166.5809618,10.006386183522219,10596.6304809,9.268385715573736,3,0.39346006262473293,0.8579595199046552,4,2. High damage but concentrated,Cluster 4: 2. High damage but concentrated
11160540,등촌3동,11160,1,0.6931471805599453,641.02056792,6.464620340435346,320.51028396,5.773029530599991,1,0,1,2,4. Low damage and episodic,Cluster 2: 4. Low damage and episodic
11160550,화곡본동,11160,202,5.313205979041787,45863.23915976,10.733440989116747,20188.29957988,9.912908019267777,3,0.6512771223983864,0.5473110777002685,5,1. High damage and recurrent,Cluster 5: 1. High damage and recurrent
11160570,화곡2동,11160,142,4.962844630259907,23702.7,10.073386433081513,9986.83,9.209122630830306,2,0.8310735409583215,0.7371117762092676,5,1. High damage and recurrent,Cluster 5: 1. High damage and recurrent
11160580,화곡3동,11160,92,4.532599493153256,16033.84343854,9.682519348346506,6534.918687708,8.785068195781303,4,0.3789873110686851,0.810484453305054,4,2. High damage but concentrated,Cluster 4: 2. High damage but concentrated
11160590,화곡4동,11160,192,5.262690188904886,33325.6,10.414111155897372,15087.6,9.621694770784579,3,0.5942584029660201,0.6997892308915932,5,1. High damage and recurrent,Cluster 5: 1. High damage and recurrent
11160610,화곡6동,11160,103,4.6443908991413725,26195.83409634,10.173393846430372,10729.75904817,9.280869573865512,6,0.4960833113742695,0.5089219595225978,5,1. High damage and recurrent,Cluster 5: 1. High damage and recurrent
11160630,화곡8동,11160,126,4.844187086458591,22826,10.035699324844632,9941.4,9.204563719198728,2,0.8127907910841081,0.7490433942905426,5,1. High damage and recurrent,Cluster 5: 1. High damage and recurrent
11160650,가양2동,11160,0,0,0,0,0,0,0,0,0,3,5. Very low or no reported damage,Cluster 3: 5. Very low or no reported damage
11160660,가양3동,11160,0,0,0,0,0,0,0,0,0,3,5. Very low or no reported damage,Cluster 3: 5. Very low or no reported damage
11160670,발산1동,11160,83,4.430816798843313,33405.23324973,10.416497785796068,14707.156624865,9.596157491321833,4,0.8186681180912293,0.429258364552023,5,1. High damage and recurrent,Cluster 5: 1. High damage and recurrent
11160690,공항동,11160,249,5.521460917862246,171558.36591373,12.052684642621013,60671.053956865,11.01323847493499,4,0.6003545460119794,0.7338098993904554,5,1. High damage and recurrent,Cluster 5: 1. High damage and recurrent
11160700,방화1동,11160,76,4.343805421853684,15062.40820428,9.620023784135132,6417.20410214,8.766893622681751,3,0.8746902789399541,0.4500713946493999,5,1. High damage and recurrent,Cluster 5: 1. High damage and recurrent
11160710,방화2동,11160,116,4.762173934797756,74164.56452671,11.214055231495884,27866.343790771,10.235210808821352,5,0.9366513012574202,0.3512516774174624,5,1. High damage and recurrent,Cluster 5: 1. High damage and recurrent
11160730,화곡1동,11160,580,6.364750756851911,110723.16849218,11.61479741909673,49777.20424609,10.815332501467974,4,0.5616674482787505,0.6378118353742988,5,1. High damage and recurrent,Cluster 5: 1. High damage and recurrent
11160740,우장산동,11160,72,4.290459441148391,16385.34459722,9.704203620458664,7284.5922986099995,8.89365401918294,3,0.7343996635305897,0.707302452737561,5,1. High damage and recurrent,Cluster 5: 1. High damage and recurrent
11160751,가양1동,11160,3,1.3862943611198906,1833.0767679,7.514296510119225,909.33838395,6.8138163808861405,2,0.09299280050267159,0.9881232331213308,2,4. Low damage and episodic,Cluster 2: 4. Low damage and episodic
11160761,방화3동,11160,46,3.8501476017100584,19283.5397837,9.867059006406322,17835.26989185,9.788989297492604,4,0.16504221234662186,0.9541879715415259,4,2. High damage but concentrated,Cluster 4: 2. High damage but concentrated
11170510,신도림동,11170,58,4.07753744390572,10518.82,9.261016375879159,2958.944,7.992925628220222,5,0.8988633401781368,0.32564658202385716,5,1. High damage and recurrent,Cluster 5: 1. High damage and recurrent
11170520,구로1동,11170,5,1.791759469228055,1480.09,7.300533582171561,436.537,6.081161273650279,2,0.21559241459522593,0.9656844666087868,2,4. Low damage and episodic,Cluster 2: 4. Low damage and episodic
11170540,구로3동,11170,182,5.209486152841421,34663,10.453456963419745,9655.99,9.175437284448105,5,0.9303287938853927,0.36428134246203653,5,1. High damage and recurrent,Cluster 5: 1. High damage and recurrent
11170550,구로4동,11170,212,5.3612921657094255,36599.67,10.507821825232833,10506.565999999999,9.25985084808724,4,0.9171949969701748,0.3941497155207515,5,1. High damage and recurrent,Cluster 5: 1. High damage and recurrent
11170560,구로5동,11170,380,5.942799375126701,63127.78,11.052932045972973,26153.407,10.171772983018533,5,0.5367401679712602,0.5550060839109795,5,1. High damage and recurrent,Cluster 5: 1. High damage and recurrent
11170610,고척1동,11170,52,3.970291913552122,9823.58955577,9.192643660370694,2571.255911154,7.852538579301291,5,0.8709370557676643,0.3509257853665105,5,1. High damage and recurrent,Cluster 5: 1. High damage and recurrent
11170620,고척2동,11170,139,4.941642422609304,15586.07109333,9.654197073544282,4118.828218666,8.32356674697579,6,0.6524021185996938,0.5455413240632192,5,1. High damage and recurrent,Cluster 5: 1. High damage and recurrent
11170640,개봉2동,11170,421,6.045005314036012,65385.72,11.088074458722227,16976.727,9.739657587536168,5,0.7488468233501592,0.3560225124666257,5,1. High damage and recurrent,Cluster 5: 1. High damage and recurrent
11170650,개봉3동,11170,327,5.793013608384144,53641.52,10.890097316157867,13591.12,9.517245492035574,5,0.801534770645445,0.4083321315682593,5,1. High damage and recurrent,Cluster 5: 1. High damage and recurrent
11170670,오류1동,11170,35,3.58351893845611,10002.94,9.210734294378565,2188.459,7.6914097603296545,5,0.4848628478646233,0.7268338131991506,1,3. Moderate or low damage but recurrent,Cluster 1: 3. Moderate or low damage but recurrent
11170690,수궁동,11170,236,5.4680601411351315,59397.07,10.992017013240382,15446.355,9.645193070258939,5,0.7802725850411184,0.4406796943356539,5,1. High damage and recurrent,Cluster 5: 1. High damage and recurrent
11170700,가리봉동,11170,147,4.997212273764115,21410,9.971660087639178,8642.27,9.064536262417779,3,0.8667731726686101,0.5931728585198102,5,1. High damage and recurrent,Cluster 5: 1. High damage and recurrent
11170710,구로2동,11170,383,5.950642552587727,49667.21,10.813120369602208,12434.436,9.428305417946921,5,0.7246565434856077,0.43606432973719117,5,1. High damage and recurrent,Cluster 5: 1. High damage and recurrent
11170720,개봉1동,11170,584,6.371611847231857,72820.2279453,11.195762784335122,18809.76558906,9.842184622639586,7,0.6779268772060462,0.3688813115265807,5,1. High damage and recurrent,Cluster 5: 1. High damage and recurrent
11170730,오류2동,11170,173,5.159055299214529,48242.12,10.78400850592654,13145.522,9.483912515931122,4,0.7288166460137723,0.6162601987201421,5,1. High damage and recurrent,Cluster 5: 1. High damage and recurrent
11170740,항동,11170,15,2.772588722239781,4886.88,8.49451395063191,1466.064,7.29101840363991,2,0.9759784887850287,0.5909885243754707,1,3. Moderate or low damage but recurrent,Cluster 1: 3. Moderate or low damage but recurrent
11180510,가산동,11180,107,4.68213122712422,42449.55,10.656095148074877,11160.654,9.320239432838903,2,0.82830697097397,0.7389631467833337,5,1. High damage and recurrent,Cluster 5: 1. High damage and recurrent
11180520,독산1동,11180,106,4.672828834461906,115702.77,11.658788496920575,25350.854000000003,10.14060714243969,1,0,1,4,2. High damage but concentrated,Cluster 4: 2. High damage but concentrated
11180530,독산2동,11180,91,4.5217885770490405,14174.53,9.559272517667695,2877.418,7.964996116650868,3,0.21373256880379624,0.9461545037947214,4,2. High damage but concentrated,Cluster 4: 2. High damage but concentrated
11180540,독산3동,11180,81,4.406719247264253,15601.67307616,9.655197529594615,3120.334615232,8.046015950632057,3,0.122499669352552,0.9739263171216171,4,2. High damage but concentrated,Cluster 4: 2. High damage but concentrated
11180550,독산4동,11180,40,3.713572066704308,8347.85,9.029879083809107,1725.02,7.453573459061754,3,0.3475565776931043,0.9035663354627773,4,2. High damage but concentrated,Cluster 4: 2. High damage but concentrated
11180570,시흥1동,11180,194,5.272999558563747,57784.12,10.96448658207088,15340.213,9.638298146110554,3,0.4051030376850211,0.8450599740694604,4,2. High damage but concentrated,Cluster 4: 2. High damage but concentrated
11180580,시흥2동,11180,7,2.0794415416798357,23213.67,10.052539685405756,4642.7339999999995,8.443274062968882,1,0,1,4,2. High damage but concentrated,Cluster 4: 2. High damage but concentrated
11180590,시흥3동,11180,14,2.70805020110221,24493.09835472,10.106187484034917,4964.216670944001,8.510212215193556,3,0.3315256156235052,0.9100219227822179,4,2. High damage but concentrated,Cluster 4: 2. High damage but concentrated
11180600,시흥4동,11180,74,4.31748811353631,15019.3,9.617157898487502,3038.167,8.019338743693908,2,0.21347209339922324,0.96612398199309,4,2. High damage but concentrated,Cluster 4: 2. High damage but concentrated
11180610,시흥5동,11180,96,4.574710978503383,15235.869999999999,9.63147342756973,3384.5950000000003,8.127284945379735,3,0.5594729518874582,0.7529798986289349,5,1. High damage and recurrent,Cluster 5: 1. High damage and recurrent
11190540,여의동,11190,12,2.5649493574615367,80855.13,11.300426681549782,24256.539,10.096482734648342,1,0,1,4,2. High damage but concentrated,Cluster 4: 2. High damage but concentrated
11190550,당산1동,11190,51,3.9512437185814275,60565.81,11.011502332251602,18060.454999999998,9.801535388509862,1,0,1,4,2. High damage but concentrated,Cluster 4: 2. High damage but concentrated
11190560,당산2동,11190,17,2.8903717578961645,16595.24,9.716931442664174,5137.817999999999,8.54457837091461,2,0.9419380670234745,0.6408946365947568,5,1. High damage and recurrent,Cluster 5: 1. High damage and recurrent
11190610,양평1동,11190,60,4.110873864173311,43566.24,10.6820607707658,12414.965,9.426738423475728,1,0,1,4,2. High damage but concentrated,Cluster 4: 2. High damage but concentrated
11190620,양평2동,11190,12,2.5649493574615367,2196.31,7.694989163932778,535.402,6.284883879961348,2,0.18625179085455024,0.9716101172576866,1,3. Moderate or low damage but recurrent,Cluster 1: 3. Moderate or low damage but recurrent
11190630,신길1동,11190,211,5.356586274672012,57190.38,10.95415846671091,15756.498,9.66507159446357,4,0.169917566299859,0.9476431882262163,4,2. High damage but concentrated,Cluster 4: 2. High damage but concentrated
11190650,신길3동,11190,381,5.945420608606575,48150.13050417,10.78209989574961,12709.157151251,9.450156728485583,3,0.036467632480874146,0.9941251689343026,4,2. High damage but concentrated,Cluster 4: 2. High damage but concentrated
11190660,신길4동,11190,68,4.23410650459726,11408.94,9.34224018429716,3051.218,8.023623818424877,2,0.23190446000508771,0.9622445856048306,4,2. High damage but concentrated,Cluster 4: 2. High damage but concentrated
11190670,신길5동,11190,691,6.539585955617669,99047.87,11.503368643682014,26137.977,10.171182850987766,3,0.2823528967748935,0.9103029281875946,4,2. High damage but concentrated,Cluster 4: 2. High damage but concentrated
11190680,신길6동,11190,726,6.588926477533519,161632.32,11.993085591934095,44362.104999999996,10.700163434506166,3,0.4261581634287581,0.8251286768290189,4,2. High damage but concentrated,Cluster 4: 2. High damage but concentrated
11190690,신길7동,11190,71,4.276666119016055,41590.97,10.635662398770735,12051.672999999999,9.397041740045253,2,0.18955417502834168,0.9709600484513644,4,2. High damage but concentrated,Cluster 4: 2. High damage but concentrated
11190700,대림1동,11190,1099,7.003065458786462,179072.73,12.095552899456946,61627.634,11.02888187918039,2,0.5989846136967719,0.8542958829151222,4,2. High damage but concentrated,Cluster 4: 2. High damage but concentrated
11190710,대림2동,11190,1785,7.487733761436444,305675.36,12.630282174172363,89364.582,11.400490898220069,2,0.5633198221738165,0.8678446232759194,4,2. High damage but concentrated,Cluster 4: 2. High damage but concentrated
11190720,대림3동,11190,436,6.07993319509559,99418.94,11.50710797614818,27831.75,10.233968663867381,2,0.3614410050764116,0.9311969243759376,4,2. High damage but concentrated,Cluster 4: 2. High damage but concentrated
11190730,영등포본동,11190,97,4.584967478670572,41018.58,10.621804792666104,11711.119,9.368379396668601,1,0,1,4,2. High damage but concentrated,Cluster 4: 2. High damage but concentrated
11190740,영등포동,11190,186,5.231108616854587,104151.43,11.553610778150015,30583.886,10.328261244352406,2,0.022856516795973687,0.9977700675447194,4,2. High damage but concentrated,Cluster 4: 2. High damage but concentrated
11190750,도림동,11190,192,5.262690188904886,38653.98,10.56243089435695,10422.914999999999,9.251857964512034,2,0.2741062870611469,0.9528634743735318,4,2. High damage but concentrated,Cluster 4: 2. High damage but concentrated
11190760,문래동,11190,366,5.905361848054571,149396.41044808,11.914365218519123,53379.233089616,10.885195789558498,4,0.5110242214641182,0.5298538656881154,5,1. High damage and recurrent,Cluster 5: 1. High damage and recurrent
11200520,노량진2동,11200,278,5.631211781821365,55473.13,10.923672064937847,15294.176,9.63529276354724,4,0.3457876869083981,0.8662889716974618,4,2. High damage but concentrated,Cluster 4: 2. High damage but concentrated
11200530,상도1동,11200,173,5.159055299214529,48693.01006953,10.793311304987098,18988.753020859,9.851654797974469,4,0.22892116718320357,0.9279961659748235,4,2. High damage but concentrated,Cluster 4: 2. High damage but concentrated
11200540,상도2동,11200,179,5.19295685089021,145337.77998513,11.886822709922722,97987.115995539,11.492601484947828,4,0.05231987450781663,0.9888785991457427,4,2. High damage but concentrated,Cluster 4: 2. High damage but concentrated
11200550,상도3동,11200,362,5.8944028342648505,191779.18,12.164105099282683,120721.96800000001,11.701253678957928,4,0.14590586234944392,0.9578080105519817,4,2. High damage but concentrated,Cluster 4: 2. High damage but concentrated
11200560,상도4동,11200,613,6.419994928147142,229650.98818679,12.344320347181258,118157.901637358,11.679785621608215,5,0.30936539248015926,0.8400121585149988,4,2. High damage but concentrated,Cluster 4: 2. High damage but concentrated
11200630,사당1동,11200,1669,7.4205789054108005,531707.4,13.183850497750184,304299.755,12.625771816986157,4,0.42679072304672333,0.8169488503203034,4,2. High damage but concentrated,Cluster 4: 2. High damage but concentrated
11200650,사당3동,11200,134,4.90527477843843,85325.99,11.354246096093037,31236.478,10.349373870861248,3,0.2860628285445232,0.9243480651051633,4,2. High damage but concentrated,Cluster 4: 2. High damage but concentrated
11200660,사당4동,11200,247,5.5134287461649825,77550.72,11.25870034759793,34335.038,10.44395075213997,3,0.35865957646967556,0.8980167140050931,4,2. High damage but concentrated,Cluster 4: 2. High damage but concentrated
11200670,사당5동,11200,130,4.875197323201151,39129.43,10.574655704155068,12157.84,9.405811756232948,4,0.23176837006755815,0.927100537595494,4,2. High damage but concentrated,Cluster 4: 2. High damage but concentrated
11200680,대방동,11200,445,6.100318952020064,236825.11871568,12.375081474539947,146514.591743136,11.894887130056963,5,0.09224268182606202,0.9714273800764139,4,2. High damage but concentrated,Cluster 4: 2. High damage but concentrated
11200690,신대방1동,11200,459,6.131226489483141,250675.87246661,12.431920028062482,168366.346493322,12.033903457554514,4,0.09228014885531996,0.976638250011097,4,2. High damage but concentrated,Cluster 4: 2. High damage but concentrated
11200700,신대방2동,11200,164,5.10594547390058,72019.81999999999,11.184710522864236,48193.396,10.782998027719161,3,0.24006930054448944,0.9407719680098908,4,2. High damage but concentrated,Cluster 4: 2. High damage but concentrated
11200710,흑석동,11200,191,5.2574953720277815,188035.34,12.1443905210048,42162.922000000006,10.649320205454007,4,0.21722231777649947,0.9321399024479375,4,2. High damage but concentrated,Cluster 4: 2. High damage but concentrated
11200720,노량진1동,11200,74,4.31748811353631,53212.82,10.88207341603029,11043.924,9.309726234888942,4,0.4309523474630993,0.8306127423549817,4,2. High damage but concentrated,Cluster 4: 2. High damage but concentrated
11200730,사당2동,11200,498,6.212606095751519,299649.52999999997,12.610372174614952,145654.05,11.8889964339458,3,0.46548573814004707,0.8562140908543223,4,2. High damage but concentrated,Cluster 4: 2. High damage but concentrated
11210520,보라매동,11210,295,5.69035945432406,62435.69,11.041908362333787,17948.275,9.795305003128583,3,0.6353698260409173,0.7673943596250893,5,1. High damage and recurrent,Cluster 5: 1. High damage and recurrent
11210540,청림동,11210,38,3.6635616461296463,8076.44,8.99683026963021,1738.588,7.4614035825621885,3,0.9667661299104725,0.45669244237277606,5,1. High damage and recurrent,Cluster 5: 1. High damage and recurrent
11210570,행운동,11210,80,4.394449154672439,19844.51,9.895733064055504,5730.4839999999995,8.653729763960834,3,0.9155516515862322,0.5246788927427422,5,1. High damage and recurrent,Cluster 5: 1. High damage and recurrent
11210580,낙성대동,11210,302,5.713732805509369,77135.04,11.253325895209882,23711.543999999998,10.07375946980296,3,0.9332797365699543,0.46100515428265654,5,1. High damage and recurrent,Cluster 5: 1. High damage and recurrent
11210610,중앙동,11210,116,4.762173934797756,23318.370558759998,10.057039648623308,6675.467111752,8.806344251140494,4,0.46824645433862583,0.7996499586676884,4,2. High damage but concentrated,Cluster 4: 2. High damage but concentrated
11210620,인헌동,11210,146,4.990432586778736,39880.19,10.59366006314914,12414.798999999999,9.4267250535033,4,0.7384836729911858,0.4437179369557252,5,1. High damage and recurrent,Cluster 5: 1. High damage and recurrent
11210630,남현동,11210,119,4.787491742782046,48418.55,10.787658936768565,15208.987,9.62970753055212,3,0.6873786904963715,0.5801225946211933,5,1. High damage and recurrent,Cluster 5: 1. High damage and recurrent
11210640,서원동,11210,122,4.812184355372417,26224.26,10.174478347419356,6957.422,8.847708003484732,3,0.8918681608533484,0.5664557935396185,5,1. High damage and recurrent,Cluster 5: 1. High damage and recurrent
11210650,신원동,11210,490,6.19644412779452,97905.77,11.491770978323817,27386.082,10.217826721350006,3,0.6306947330956961,0.76581206468307506,5,1. High damage and recurrent,Cluster 5: 1. High damage and recurrent
11210660,서림동,11210,143,4.969813299576001,28351.53,10.252471546796677,8611.914,9.061017983832787,3,0.7548331543437105,0.5678412487630508,5,1. High damage and recurrent,Cluster 5: 1. High damage and recurrent
11210680,신사동,11210,1361,7.2167094867094574,373840.32,12.831586708290393,140894.81399999998,11.855775988431965,3,0.8086144058542639,0.637907325673463,5,1. High damage and recurrent,Cluster 5: 1. High damage and recurrent
11210690,신림동,11210,669,6.507277712385012,246448.42,12.414912058712211,98884.435,11.50171723679585,4,0.47899960522914725,0.7827602493759508,4,2. High damage but concentrated,Cluster 4: 2. High damage but concentrated
11210710,난향동,11210,26,3.295836866004329,17012.41,9.741757135610001,3589.3820000000005,8.186013882506773,3,0.4234970786697351,0.8722064132488546,4,2. High damage but concentrated,Cluster 4: 2. High damage but concentrated
11210720,조원동,11210,582,6.368187186350492,241687.66,12.395405647924377,85511.436,11.356417094640381,3,0.7967672389926589,0.6239922809856684,5,1. High damage and recurrent,Cluster 5: 1. High damage and recurrent
11210730,대학동,11210,77,4.356708826689592,18158.07,9.806925439390188,5651.834,8.639912291305162,4,0.7919620215922525,0.43127416693413145,5,1. High damage and recurrent,Cluster 5: 1. High damage and recurrent
11210780,은천동,11210,309,5.736572297479192,139640.59,11.846834347576376,56353.689,10.939420728073426,3,0.23533063982591565,0.9428725952616873,4,2. High damage but concentrated,Cluster 4: 2. High damage but concentrated
11210790,성현동,11210,18,2.9444389791664403,3319.91,8.107994120738525,887.382,6.789401830671384,3,0.9856650554914544,0.416035033390355,1,3. Moderate or low damage but recurrent,Cluster 1: 3. Moderate or low damage but recurrent
11210800,청룡동,11210,203,5.318119993844216,50690.5,10.833513522664003,15995.273,9.680111036587766,3,0.7114843912156015,0.6752959452458236,5,1. High damage and recurrent,Cluster 5: 1. High damage and recurrent
11210810,난곡동,11210,285,5.655991810819852,56459.1,10.941289472971338,16022.153,9.68179001773593,3,0.9771616501501719,0.41539067814419195,5,1. High damage and recurrent,Cluster 5: 1. High damage and recurrent
11210820,삼성동,11210,483,6.182084906716632,291714.91,12.583535696706452,85134.084,11.35199449752249,3,0.9573939184930466,0.4656818766030301,5,1. High damage and recurrent,Cluster 5: 1. High damage and recurrent
11210830,미성동,11210,627,6.4425401664681985,289931.2,12.57740238152534,88068.51699999999,11.385881747510593,4,0.7831141518227636,0.4260239445158365,5,1. High damage and recurrent,Cluster 5: 1. High damage and recurrent
11220510,서초1동,11220,196,5.2832037287379885,116996.98,11.669911948673587,49990.956,10.819617391467707,4,0.4975887580104845,0.7386791322814471,5,1. High damage and recurrent,Cluster 5: 1. High damage and recurrent
11220520,서초2동,11220,215,5.375278407684165,528623.41,13.17803345867107,297445.452,12.602989494489776,4,0.606538483012425,0.6784982276346925,5,1. High damage and recurrent,Cluster 5: 1. High damage and recurrent
11220530,서초3동,11220,361,5.8916442118257715,184696.04,12.126472140070826,97005.833,11.482536698303477,5,0.45032984178738616,0.7280574870173013,4,2. High damage but concentrated,Cluster 4: 2. High damage but concentrated
11220540,서초4동,11220,90,4.51085950651685,213061.23,12.269339561645664,200316.29499999998,12.20765786340813,3,0.34724540976296997,0.8777714014728557,4,2. High damage but concentrated,Cluster 4: 2. High damage but concentrated
11220550,잠원동,11220,34,3.5553480614894135,76588.18000000001,11.246211092487794,23738.024,10.074875555271358,5,0.4930450174289598,0.6117181446947733,5,1. High damage and recurrent,Cluster 5: 1. High damage and recurrent
11220560,반포본동,11220,2,1.0986122886681098,12449.31,9.429500801181257,5555.254999999999,8.622679599149324,2,0.6817101762392165,0.8192522215451856,1,3. Moderate or low damage but recurrent,Cluster 1: 3. Moderate or low damage but recurrent
11220570,반포1동,11220,145,4.983606621708336,98757.92,11.500437007797863,51306.782,10.845597715560633,5,0.22565455347086485,0.9154564010660422,4,2. High damage but concentrated,Cluster 4: 2. High damage but concentrated
11220580,반포2동,11220,0,0,0,0,0,0,0,0,0,3,5. Very low or no reported damage,Cluster 3: 5. Very low or no reported damage
11220590,반포3동,11220,0,0,0,0,0,0,0,0,0,3,5. Very low or no reported damage,Cluster 3: 5. Very low or no reported damage
11220600,반포4동,11220,58,4.07753744390572,49004.81,10.7996941414923,18583.214,9.830067789665907,3,0.5773398690152588,0.7942288131643966,5,1. High damage and recurrent,Cluster 5: 1. High damage and recurrent
11220610,방배본동,11220,145,4.983606621708336,128918.21,11.766941208079386,61365.922,11.024626239326587,4,0.3176566966534562,0.8841511743276668,4,2. High damage but concentrated,Cluster 4: 2. High damage but concentrated
11220620,방배1동,11220,330,5.802118375377063,139060.06,11.842668396232902,53310.594,10.883909109951297,4,0.684929076710461,0.4925921478196248,5,1. High damage and recurrent,Cluster 5: 1. High damage and recurrent
11220630,방배2동,11220,877,6.777646593635117,416249.7,12.939043001957058,165722.533,12.018076215056535,5,0.5717264811119751,0.48538263653018143,5,1. High damage and recurrent,Cluster 5: 1. High damage and recurrent
11220640,방배3동,11220,165,5.111987788356544,278451.90134408,12.53700420858673,81020.94026881599,11.30247526449284,7,0.3995614549132212,0.7562689324105942,4,2. High damage but concentrated,Cluster 4: 2. High damage but concentrated
11220650,방배4동,11220,406,6.008813185442595,133458.04,11.801549893265236,51018.419,10.83996160393986,3,0.9219090513797845,0.4936560264636974,5,1. High damage and recurrent,Cluster 5: 1. High damage and recurrent
11220660,양재1동,11220,403,6.0014148779611505,167446.49913879,12.028425143137936,51326.369827758,10.845979413792612,6,0.36329899161288604,0.8055054378235178,4,2. High damage but concentrated,Cluster 4: 2. High damage but concentrated
11220670,양재2동,11220,418,6.037870919922137,287170.37,12.567834424557637,110767.204,11.61519504460324,6,0.3997290792158116,0.7610139188852325,4,2. High damage but concentrated,Cluster 4: 2. High damage but concentrated
11220680,내곡동,11220,205,5.327876168789581,181638.89,12.109781379618223,47399.378,10.766385482334915,6,0.6473785194760164,0.42065906434468403,5,1. High damage and recurrent,Cluster 5: 1. High damage and recurrent
11230510,신사동,11230,44,3.8066624897703196,9627.52,9.17248480658453,3286.144,8.097774381648962,4,0.7732069213459077,0.6000863017567094,5,1. High damage and recurrent,Cluster 5: 1. High damage and recurrent
11230511,개포3동,11230,0,0,0,0,0,0,0,0,0,3,5. Very low or no reported damage,Cluster 3: 5. Very low or no reported damage
11230520,논현1동,11230,234,5.459585514144159,105506.52022868,11.566537511146269,29844.744045736,10.303797530623239,8,0.28714124020886417,0.8599197889139444,5,1. High damage and recurrent,Cluster 5: 1. High damage and recurrent
11230530,논현2동,11230,37,3.6375861597263857,9664.84,9.176353299402315,2894.188,7.970805327449564,4,0.9015087006729217,0.39200217815843336,1,3. Moderate or low damage but recurrent,Cluster 1: 3. Moderate or low damage but recurrent
11230580,삼성1동,11230,26,3.295836866004329,12245.04,9.412957898405258,3780.168,8.237788235593595,5,0.8363870417315342,0.4064396079750953,5,1. High damage and recurrent,Cluster 5: 1. High damage and recurrent
11230590,삼성2동,11230,50,3.9318256327243257,36703.38,10.510651372970536,11684.426,9.366097703304566,3,0.5875972139735273,0.7931057974093036,5,1. High damage and recurrent,Cluster 5: 1. High damage and recurrent
11230600,대치1동,11230,1,0.6931471805599453,46057.5,10.73766760662641,27634.5,10.226856457101697,1,0,1,4,2. High damage but concentrated,Cluster 4: 2. High damage but concentrated
11230630,대치4동,11230,112,4.727387818712341,29577.07,10.294788487347756,11026.924,9.308185880571155,6,0.33728918228593513,0.8263138478146762,5,1. High damage and recurrent,Cluster 5: 1. High damage and recurrent
11230640,역삼1동,11230,197,5.288267030694535,184498.42001528,12.12540159890916,76762.454003056,11.24848394654357,6,0.3024493969920177,0.8481769485562299,4,2. High damage but concentrated,Cluster 4: 2. High damage but concentrated
11230650,역삼2동,11230,44,3.8066624897703196,11323.65,9.3347370447964,3955.43,8.283097382487833,4,0.778960227167564,0.574213170249505,5,1. High damage and recurrent,Cluster 5: 1. High damage and recurrent
11230660,도곡1동,11230,28,3.367295829986474,25805.15,10.15836811459662,7415.47,8.911458481720766,5,0.36628444824110507,0.8232263093236167,4,2. High damage but concentrated,Cluster 4: 2. High damage but concentrated
11230670,도곡2동,11230,28,3.367295829986474,6317.58,8.75124977835147,2001.956,7.6023793683751135,2,0.7455733153359584,0.787849483205425,1,3. Moderate or low damage but recurrent,Cluster 1: 3. Moderate or low damage but recurrent
11230680,개포1동,11230,19,2.995732273553991,16279.67,9.69773379350085,4832.204,8.483264880761848,1,0,1,4,2. High damage but concentrated,Cluster 4: 2. High damage but concentrated
11230710,개포4동,11230,186,5.231108616854587,53601.27612478,10.889346811171832,17762.205224956,9.784884474640773,6,0.5861248471399768,0.46656864364771067,5,1. High damage and recurrent,Cluster 5: 1. High damage and recurrent
11230720,일원본동,11230,5,1.791759469228055,1085.8899999999999,6.991075686048392,442.668,6.09507653498169,3,0.7992880658254088,0.6302240053493815,1,3. Moderate or low damage but recurrent,Cluster 1: 3. Moderate or low damage but recurrent
11230730,일원1동,11230,190,5.25227342804663,43173.39,10.673002774368458,16162.318,9.690499632781632,5,0.7087548800624303,0.5632428467253274,5,1. High damage and recurrent,Cluster 5: 1. High damage and recurrent
11230750,수서동,11230,31,3.4657359027997265,41528,10.634147257355846,12565.199999999999,9.438765948799947,2,0.9998076112155906,0.5081654092254798,5,1. High damage and recurrent,Cluster 5: 1. High damage and recurrent
11230760,세곡동,11230,164,5.10594547390058,179249.8,12.096541221492354,45679.06,10.729417157814144,5,0.690345685567418,0.424231584450293,5,1. High damage and recurrent,Cluster 5: 1. High damage and recurrent
11230770,압구정동,11230,11,2.4849066497880004,4300.32,8.36667723131812,1154.904,7.052638000801198,4,0.8668940078116507,0.4293205322693488,1,3. Moderate or low damage but recurrent,Cluster 1: 3. Moderate or low damage but recurrent
11230780,청담동,11230,49,3.912023005428146,15412.720000000001,9.64301330086868,4770.574,8.470431508486918,4,0.7404256671908235,0.552468109707553,5,1. High damage and recurrent,Cluster 5: 1. High damage and recurrent
11230790,대치2동,11230,27,3.332204510175204,8278.92222973,9.02158885479051,3231.084445946,8.080882547377005,5,0.5097046477826461,0.647343031416071,1,3. Moderate or low damage but recurrent,Cluster 1: 3. Moderate or low damage but recurrent
11230800,개포2동,11230,16,2.833213344056216,75616.83114397,11.233447396049353,15444.193343191002,9.645053123447914,4,0.15026754362987765,0.9601946615449467,4,2. High damage but concentrated,Cluster 4: 2. High damage but concentrated
11240510,풍납1동,11240,67,4.219507705176107,8286.45,9.022497601293415,3343.622,8.115108961692536,3,0.7637552410745476,0.551829423302036,5,1. High damage and recurrent,Cluster 5: 1. High damage and recurrent
11240520,풍납2동,11240,95,4.564348191467836,17281.41,9.757444500225938,6657.727,8.803683604123497,3,0.839721632222688,0.5213917602809488,5,1. High damage and recurrent,Cluster 5: 1. High damage and recurrent
11240530,거여1동,11240,45,3.828641396489095,8942.45,9.098676699765244,2140.709,7.66935938743692,3,0.9165919032544112,0.489850792424379,5,1. High damage and recurrent,Cluster 5: 1. High damage and recurrent
11240540,거여2동,11240,38,3.6635616461296463,4518.66,8.416192048758079,904.5490000000001,6.808541389608682,3,0.5890126115118974,0.7880767100510861,1,3. Moderate or low damage but recurrent,Cluster 1: 3. Moderate or low damage but recurrent
11240550,마천1동,11240,121,4.804021044733257,18083.41,9.802805520132717,4440.379,8.398720192790137,3,0.8131372070193695,0.5034732395590557,5,1. High damage and recurrent,Cluster 5: 1. High damage and recurrent
11240560,마천2동,11240,86,4.465908118654584,15386.44,9.64130687121622,4183.726,8.33919650885666,3,0.9669648185047572,0.44464169020628974,5,1. High damage and recurrent,Cluster 5: 1. High damage and recurrent
11240570,방이1동,11240,37,3.6375861597263857,8825.6268671,9.08552821235832,2592.04037342,7.860586355575569,4,0.7267921376564309,0.5633376759766227,5,1. High damage and recurrent,Cluster 5: 1. High damage and recurrent
11240580,방이2동,11240,229,5.438079308923196,53680.21,10.890818312375126,18182.83,9.808288016610543,3,0.7431056623638806,0.694760441581426,5,1. High damage and recurrent,Cluster 5: 1. High damage and recurrent
11240590,오륜동,11240,47,3.871201010907891,77673.27,11.260279336083839,20041.32,9.905601316961224,3,0.9340760806447652,0.49325239056110076,5,1. High damage and recurrent,Cluster 5: 1. High damage and recurrent
11240600,오금동,11240,65,4.189654742026425,14730.77,9.597761665170479,4071.025,8.311895697700706,3,0.7510709468825266,0.5705111120663715,5,1. High damage and recurrent,Cluster 5: 1. High damage and recurrent
11240610,송파1동,11240,132,4.890349128221754,29236.36,10.283202622509872,8619.094000000001,9.06185126847067,3,0.6789891351509953,0.7090609523460355,5,1. High damage and recurrent,Cluster 5: 1. High damage and recurrent
11240620,송파2동,11240,40,3.713572066704308,10732.85,9.281157578351822,3091.3630000000003,8.03669080255777,3,0.9318858713198434,0.49764683086392636,5,1. High damage and recurrent,Cluster 5: 1. High damage and recurrent
11240630,석촌동,11240,120,4.795790545596741,24921.10228855,10.123510330841954,7067.13245771,8.863351573743612,4,0.737407719932568,0.49857138253521976,5,1. High damage and recurrent,Cluster 5: 1. High damage and recurrent
11240640,삼전동,11240,130,4.875197323201151,30973.52,10.340920210009234,11784.417,9.374618198706898,3,0.7423366513487861,0.6990985638067627,5,1. High damage and recurrent,Cluster 5: 1. High damage and recurrent
11240650,가락본동,11240,44,3.8066624897703196,10528.63,9.261948466808873,2951.329,7.990349629374787,3,0.9322445311371157,0.49613648630837154,5,1. High damage and recurrent,Cluster 5: 1. High damage and recurrent
11240660,가락1동,11240,1,0.6931471805599453,12,2.5649493574615367,1.2000000000000002,0.7884573603642703,1,0,1,2,4. Low damage and episodic,Cluster 2: 4. Low damage and episodic
11240670,가락2동,11240,30,3.4339872044851463,5646.84,8.639028450159918,1511.657,7.32162298617087,3,0.7001774163819507,0.6518409930295034,1,3. Moderate or low damage but recurrent,Cluster 1: 3. Moderate or low damage but recurrent
11240680,문정1동,11240,28,3.367295829986474,5270.28,8.570028496294277,1177.193,7.071737187803599,4,0.8419549801941152,0.43935871178302965,1,3. Moderate or low damage but recurrent,Cluster 1: 3. Moderate or low damage but recurrent
11240690,문정2동,11240,8,2.1972245773362196,4405.2699999999995,8.39078380555737,927.789,6.833881587074963,2,0.8534222281182258,0.7214830096067102,1,3. Moderate or low damage but recurrent,Cluster 1: 3. Moderate or low damage but recurrent
11240710,잠실본동,11240,61,4.127134385045092,12209.2,9.41002694698698,3160.547,8.05881674374907,3,0.7907672266263014,0.5962395117047776,5,1. High damage and recurrent,Cluster 5: 1. High damage and recurrent
11240750,잠실4동,11240,0,0,0,0,0,0,0,0,0,3,5. Very low or no reported damage,Cluster 3: 5. Very low or no reported damage
11240770,잠실6동,11240,2,1.0986122886681098,2761.2,7.923782742643828,504.24,6.225033563905774,1,0,1,2,4. Low damage and episodic,Cluster 2: 4. Low damage and episodic
11240780,잠실7동,11240,0,0,0,0,0,0,0,0,0,3,5. Very low or no reported damage,Cluster 3: 5. Very low or no reported damage
11240790,잠실2동,11240,0,0,0,0,0,0,0,0,0,3,5. Very low or no reported damage,Cluster 3: 5. Very low or no reported damage
11240800,잠실3동,11240,0,0,0,0,0,0,0,0,0,3,5. Very low or no reported damage,Cluster 3: 5. Very low or no reported damage
11240810,장지동,11240,40,3.713572066704308,8860.05,9.089420546735367,2241.552,7.715369782069901,3,0.9092844353306241,0.4397430887171031,5,1. High damage and recurrent,Cluster 5: 1. High damage and recurrent
11240820,위례동,11240,6,1.9459101490553132,3268.83,8.092493274772304,656.809,6.488914615631563,3,0.796533245547121,0.6307450111067296,1,3. Moderate or low damage but recurrent,Cluster 1: 3. Moderate or low damage but recurrent
11250530,명일1동,11250,101,4.624972813284271,133559.32919332,11.802308558814362,49805.4895729649,10.81590056723292,5,0.6779650344294753,0.5124160051195082,5,1. High damage and recurrent,Cluster 5: 1. High damage and recurrent
11250540,명일2동,11250,44,3.8066624897703196,9752.6,9.185391726612218,3986.475,8.29091347748097,4,0.731034822244293,0.4782571068425112,5,1. High damage and recurrent,Cluster 5: 1. High damage and recurrent
11250550,고덕1동,11250,57,4.060443010546419,44120.54257591,10.694703435945497,14738.114515182,9.598260090341958,7,0.4830566803101114,0.6887475320905829,5,1. High damage and recurrent,Cluster 5: 1. High damage and recurrent
11250560,고덕2동,11250,232,5.4510384535657,105291.51873769,11.56449764847265,36348.3466302527,10.50093150839167,9,0.4454775885747445,0.594652907321241,5,1. High damage and recurrent,Cluster 5: 1. High damage and recurrent
11250580,암사2동,11250,30,3.4339872044851463,26592.65293236,10.188427854732108,7891.0880663636,8.973616026021402,6,0.7052634503801875,0.5013883974841062,5,1. High damage and recurrent,Cluster 5: 1. High damage and recurrent
11250590,암사3동,11250,61,4.127134385045092,68321.68932895,11.13199719140186,19870.2131308479,9.897027387071606,7,0.7224287641536694,0.48364604529986316,5,1. High damage and recurrent,Cluster 5: 1. High damage and recurrent
11250610,천호1동,11250,149,5.0106352940962555,36918.45494238,10.516493925300336,15477.274988476,9.647192706081421,9,0.5007375733843487,0.5028120263931736,5,1. High damage and recurrent,Cluster 5: 1. High damage and recurrent
11250630,천호3동,11250,114,4.74493212836325,19032.40597841,9.85395092369778,7823.6889597841,8.965039265069962,8,0.6382562930902169,0.3995404234585344,5,1. High damage and recurrent,Cluster 5: 1. High damage and recurrent
11250650,성내1동,11250,25,3.258096538021482,13836.16,9.535113005802646,6645.821,8.801893974237124,5,0.49273670084783955,0.7138817009967617,1,3. Moderate or low damage but recurrent,Cluster 1: 3. Moderate or low damage but recurrent
11250660,성내2동,11250,167,5.123963979403259,26233.20451961,10.174819354319773,11139.3400451961,9.318328037718826,7,0.6395068682090601,0.44366631954388785,5,1. High damage and recurrent,Cluster 5: 1. High damage and recurrent
11250670,성내3동,11250,115,4.7535901911063645,26469.628924650002,10.18379105484255,11745.6749892465,9.371325499887416,6,0.6371459249689193,0.538565898153275,5,1. High damage and recurrent,Cluster 5: 1. High damage and recurrent
11250700,둔촌1동,11250,4,1.6094379124341003,2464.86,7.810295910012125,862.701,6.761226644094994,1,0,1,2,4. Low damage and episodic,Cluster 2: 4. Low damage and episodic
11250710,둔촌2동,11250,159,5.075173815233827,129183.6826879,11.76899830825522,50657.697537579996,10.83286621334715,9,0.6313026532981004,0.5141036459598264,5,1. High damage and recurrent,Cluster 5: 1. High damage and recurrent
11250720,암사1동,11250,163,5.099866427824199,31529.36847779,10.358706439048364,13275.3980847779,9.493743157685426,9,0.5638676123057952,0.5613654635746977,5,1. High damage and recurrent,Cluster 5: 1. High damage and recurrent
11250730,천호2동,11250,220,5.3981627015177525,44063.59440787,10.693411891085862,19329.1990440787,9.869423869308115,8,0.5473374121399971,0.5212212868740833,5,1. High damage and recurrent,Cluster 5: 1. High damage and recurrent
11250740,길동,11250,243,5.497168225293202,52497.98955355,10.86854920179545,23726.5268089206,10.074391121871066,7,0.6223329067423417,0.4599543830366664,5,1. High damage and recurrent,Cluster 5: 1. High damage and recurrent
11250750,강일동,11250,47,3.871201010907891,103042,11.542901655821183,30912.6,10.33895149550712,5,0.4619466057954133,0.5571029289027776,5,1. High damage and recurrent,Cluster 5: 1. High damage and recurrent
11250760,상일1동,11250,28,3.367295829986474,40660.0656649,10.613026296010059,19843.43813298,9.895679052041345,4,0.16241156971464712,0.9522756527052613,4,2. High damage but concentrated,Cluster 4: 2. High damage but concentrated
11250770,상일2동,11250,10,2.3978952727983707,27998,10.239924074233857,8399.4,9.036034602745273,2,0.9843840355072734,0.573433816701193,5,1. High damage and recurrent,Cluster 5: 1. High damage and recurrent
